epoch,global_test_acc,global_test_loss,train_loss,clean_ratio,scoreA_clean_ratio,scoreA_precision,scoreA_recall,fedrn_clean_ratio,fedrn_precision,fedrn_recall,net2_clean_ratio,net2_precision,net2_recall,selection_precision,selection_recall,false_clean,missed_clean,neighbor_net2_used_ratio,neighbor_ft_ep,net2_ft_ep
0,15.860000,2.274457,1.564139,1.000000,-1.000000,-1.000000,-1.000000,-1.000000,-1.000000,-1.000000,-1.000000,-1.000000,-1.000000,-1.000000,-1.000000,0,0,-1.000000,1,1
1,19.130000,2.219577,1.651742,1.000000,-1.000000,-1.000000,-1.000000,-1.000000,-1.000000,-1.000000,-1.000000,-1.000000,-1.000000,-1.000000,-1.000000,0,0,-1.000000,1,1
2,21.130000,2.178596,1.642928,1.000000,-1.000000,-1.000000,-1.000000,-1.000000,-1.000000,-1.000000,-1.000000,-1.000000,-1.000000,-1.000000,-1.000000,0,0,-1.000000,1,1
3,22.080000,2.161796,1.653625,1.000000,-1.000000,-1.000000,-1.000000,-1.000000,-1.000000,-1.000000,-1.000000,-1.000000,-1.000000,-1.000000,-1.000000,0,0,-1.000000,1,1
4,23.960000,2.136482,1.510055,1.000000,-1.000000,-1.000000,-1.000000,-1.000000,-1.000000,-1.000000,-1.000000,-1.000000,-1.000000,-1.000000,-1.000000,0,0,-1.000000,1,1
5,24.510000,2.124614,1.527163,1.000000,-1.000000,-1.000000,-1.000000,-1.000000,-1.000000,-1.000000,-1.000000,-1.000000,-1.000000,-1.000000,-1.000000,0,0,-1.000000,1,1
6,26.530000,2.105040,1.556020,1.000000,-1.000000,-1.000000,-1.000000,-1.000000,-1.000000,-1.000000,-1.000000,-1.000000,-1.000000,-1.000000,-1.000000,0,0,-1.000000,1,1
7,27.200000,2.096561,1.590166,1.000000,-1.000000,-1.000000,-1.000000,-1.000000,-1.000000,-1.000000,-1.000000,-1.000000,-1.000000,-1.000000,-1.000000,0,0,-1.000000,1,1
8,27.670000,2.086539,1.452383,1.000000,-1.000000,-1.000000,-1.000000,-1.000000,-1.000000,-1.000000,-1.000000,-1.000000,-1.000000,-1.000000,-1.000000,0,0,-1.000000,1,1
9,30.930000,2.060711,1.581411,1.000000,-1.000000,-1.000000,-1.000000,-1.000000,-1.000000,-1.000000,-1.000000,-1.000000,-1.000000,-1.000000,-1.000000,0,0,-1.000000,1,1
10,30.730000,2.048816,1.537113,1.000000,-1.000000,-1.000000,-1.000000,-1.000000,-1.000000,-1.000000,-1.000000,-1.000000,-1.000000,-1.000000,-1.000000,0,0,-1.000000,1,1
11,32.290000,2.034343,1.505098,1.000000,-1.000000,-1.000000,-1.000000,-1.000000,-1.000000,-1.000000,-1.000000,-1.000000,-1.000000,-1.000000,-1.000000,0,0,-1.000000,1,1
12,32.560000,2.021888,1.452891,1.000000,-1.000000,-1.000000,-1.000000,-1.000000,-1.000000,-1.000000,-1.000000,-1.000000,-1.000000,-1.000000,-1.000000,0,0,-1.000000,1,1
13,32.790000,2.029887,1.409637,1.000000,-1.000000,-1.000000,-1.000000,-1.000000,-1.000000,-1.000000,-1.000000,-1.000000,-1.000000,-1.000000,-1.000000,0,0,-1.000000,1,1
14,32.160000,2.030855,1.559950,1.000000,-1.000000,-1.000000,-1.000000,-1.000000,-1.000000,-1.000000,-1.000000,-1.000000,-1.000000,-1.000000,-1.000000,0,0,-1.000000,1,1
15,29.890000,2.044289,1.539241,1.000000,-1.000000,-1.000000,-1.000000,-1.000000,-1.000000,-1.000000,-1.000000,-1.000000,-1.000000,-1.000000,-1.000000,0,0,-1.000000,1,1
16,31.880000,2.030622,1.592454,1.000000,-1.000000,-1.000000,-1.000000,-1.000000,-1.000000,-1.000000,-1.000000,-1.000000,-1.000000,-1.000000,-1.000000,0,0,-1.000000,1,1
17,32.550000,2.019316,1.558366,1.000000,-1.000000,-1.000000,-1.000000,-1.000000,-1.000000,-1.000000,-1.000000,-1.000000,-1.000000,-1.000000,-1.000000,0,0,-1.000000,1,1
18,34.340000,2.010763,1.547197,1.000000,-1.000000,-1.000000,-1.000000,-1.000000,-1.000000,-1.000000,-1.000000,-1.000000,-1.000000,-1.000000,-1.000000,0,0,-1.000000,1,1
19,35.090000,2.011726,1.487469,1.000000,-1.000000,-1.000000,-1.000000,-1.000000,-1.000000,-1.000000,-1.000000,-1.000000,-1.000000,-1.000000,-1.000000,0,0,-1.000000,1,1
20,31.100000,2.032437,1.607362,1.000000,-1.000000,-1.000000,-1.000000,-1.000000,-1.000000,-1.000000,-1.000000,-1.000000,-1.000000,-1.000000,-1.000000,0,0,-1.000000,1,1
21,31.920000,2.020370,1.443688,1.000000,-1.000000,-1.000000,-1.000000,-1.000000,-1.000000,-1.000000,-1.000000,-1.000000,-1.000000,-1.000000,-1.000000,0,0,-1.000000,1,1
22,32.870000,2.010063,1.500417,1.000000,-1.000000,-1.000000,-1.000000,-1.000000,-1.000000,-1.000000,-1.000000,-1.000000,-1.000000,-1.000000,-1.000000,0,0,-1.000000,1,1
23,33.300000,2.002622,1.453418,1.000000,-1.000000,-1.000000,-1.000000,-1.000000,-1.000000,-1.000000,-1.000000,-1.000000,-1.000000,-1.000000,-1.000000,0,0,-1.000000,1,1
24,35.840000,1.978949,1.500206,1.000000,-1.000000,-1.000000,-1.000000,-1.000000,-1.000000,-1.000000,-1.000000,-1.000000,-1.000000,-1.000000,-1.000000,0,0,-1.000000,1,1
25,35.130000,1.982331,1.506159,1.000000,-1.000000,-1.000000,-1.000000,-1.000000,-1.000000,-1.000000,-1.000000,-1.000000,-1.000000,-1.000000,-1.000000,0,0,-1.000000,1,1
26,34.360000,1.980678,1.535026,1.000000,-1.000000,-1.000000,-1.000000,-1.000000,-1.000000,-1.000000,-1.000000,-1.000000,-1.000000,-1.000000,-1.000000,0,0,-1.000000,1,1
27,33.520000,1.993772,1.454954,1.000000,-1.000000,-1.000000,-1.000000,-1.000000,-1.000000,-1.000000,-1.000000,-1.000000,-1.000000,-1.000000,-1.000000,0,0,-1.000000,1,1
28,34.670000,1.977991,1.463866,1.000000,-1.000000,-1.000000,-1.000000,-1.000000,-1.000000,-1.000000,-1.000000,-1.000000,-1.000000,-1.000000,-1.000000,0,0,-1.000000,1,1
29,30.660000,2.009296,1.554859,1.000000,-1.000000,-1.000000,-1.000000,-1.000000,-1.000000,-1.000000,-1.000000,-1.000000,-1.000000,-1.000000,-1.000000,0,0,-1.000000,1,1
30,33.940000,1.992300,1.532455,1.000000,-1.000000,-1.000000,-1.000000,-1.000000,-1.000000,-1.000000,-1.000000,-1.000000,-1.000000,-1.000000,-1.000000,0,0,-1.000000,1,1
31,35.860000,1.967883,1.406691,1.000000,-1.000000,-1.000000,-1.000000,-1.000000,-1.000000,-1.000000,-1.000000,-1.000000,-1.000000,-1.000000,-1.000000,0,0,-1.000000,1,1
32,33.630000,1.991534,1.630189,1.000000,-1.000000,-1.000000,-1.000000,-1.000000,-1.000000,-1.000000,-1.000000,-1.000000,-1.000000,-1.000000,-1.000000,0,0,-1.000000,1,1
33,32.630000,1.995776,1.607458,1.000000,-1.000000,-1.000000,-1.000000,-1.000000,-1.000000,-1.000000,-1.000000,-1.000000,-1.000000,-1.000000,-1.000000,0,0,-1.000000,1,1
34,32.470000,1.998184,1.463695,1.000000,-1.000000,-1.000000,-1.000000,-1.000000,-1.000000,-1.000000,-1.000000,-1.000000,-1.000000,-1.000000,-1.000000,0,0,-1.000000,1,1
35,34.220000,1.988809,1.547518,1.000000,-1.000000,-1.000000,-1.000000,-1.000000,-1.000000,-1.000000,-1.000000,-1.000000,-1.000000,-1.000000,-1.000000,0,0,-1.000000,1,1
36,34.900000,1.965159,1.435374,1.000000,-1.000000,-1.000000,-1.000000,-1.000000,-1.000000,-1.000000,-1.000000,-1.000000,-1.000000,-1.000000,-1.000000,0,0,-1.000000,1,1
37,36.740000,1.952082,1.410735,1.000000,-1.000000,-1.000000,-1.000000,-1.000000,-1.000000,-1.000000,-1.000000,-1.000000,-1.000000,-1.000000,-1.000000,0,0,-1.000000,1,1
38,37.380000,1.946620,1.422748,1.000000,-1.000000,-1.000000,-1.000000,-1.000000,-1.000000,-1.000000,-1.000000,-1.000000,-1.000000,-1.000000,-1.000000,0,0,-1.000000,1,1
39,34.650000,1.976303,1.561673,1.000000,-1.000000,-1.000000,-1.000000,-1.000000,-1.000000,-1.000000,-1.000000,-1.000000,-1.000000,-1.000000,-1.000000,0,0,-1.000000,1,1
40,34.960000,1.966033,1.416563,1.000000,-1.000000,-1.000000,-1.000000,-1.000000,-1.000000,-1.000000,-1.000000,-1.000000,-1.000000,-1.000000,-1.000000,0,0,-1.000000,1,1
41,35.140000,1.962429,1.477070,1.000000,-1.000000,-1.000000,-1.000000,-1.000000,-1.000000,-1.000000,-1.000000,-1.000000,-1.000000,-1.000000,-1.000000,0,0,-1.000000,1,1
42,33.910000,1.992153,1.577647,1.000000,-1.000000,-1.000000,-1.000000,-1.000000,-1.000000,-1.000000,-1.000000,-1.000000,-1.000000,-1.000000,-1.000000,0,0,-1.000000,1,1
43,33.370000,1.982367,1.478169,1.000000,-1.000000,-1.000000,-1.000000,-1.000000,-1.000000,-1.000000,-1.000000,-1.000000,-1.000000,-1.000000,-1.000000,0,0,-1.000000,1,1
44,34.280000,1.967449,1.490175,1.000000,-1.000000,-1.000000,-1.000000,-1.000000,-1.000000,-1.000000,-1.000000,-1.000000,-1.000000,-1.000000,-1.000000,0,0,-1.000000,1,1
45,34.710000,1.962782,1.441866,1.000000,-1.000000,-1.000000,-1.000000,-1.000000,-1.000000,-1.000000,-1.000000,-1.000000,-1.000000,-1.000000,-1.000000,0,0,-1.000000,1,1
46,36.590000,1.955649,1.475087,1.000000,-1.000000,-1.000000,-1.000000,-1.000000,-1.000000,-1.000000,-1.000000,-1.000000,-1.000000,-1.000000,-1.000000,0,0,-1.000000,1,1
47,33.860000,1.976580,1.525603,1.000000,-1.000000,-1.000000,-1.000000,-1.000000,-1.000000,-1.000000,-1.000000,-1.000000,-1.000000,-1.000000,-1.000000,0,0,-1.000000,1,1
48,35.040000,1.957783,1.435600,1.000000,-1.000000,-1.000000,-1.000000,-1.000000,-1.000000,-1.000000,-1.000000,-1.000000,-1.000000,-1.000000,-1.000000,0,0,-1.000000,1,1
49,34.180000,1.977877,1.523964,1.000000,-1.000000,-1.000000,-1.000000,-1.000000,-1.000000,-1.000000,-1.000000,-1.000000,-1.000000,-1.000000,-1.000000,0,0,-1.000000,1,1
50,34.390000,1.961592,1.397333,1.000000,-1.000000,-1.000000,-1.000000,-1.000000,-1.000000,-1.000000,-1.000000,-1.000000,-1.000000,-1.000000,-1.000000,0,0,-1.000000,1,1
51,34.280000,1.961935,1.418620,1.000000,-1.000000,-1.000000,-1.000000,-1.000000,-1.000000,-1.000000,-1.000000,-1.000000,-1.000000,-1.000000,-1.000000,0,0,-1.000000,1,1
52,34.050000,1.968384,1.492466,1.000000,-1.000000,-1.000000,-1.000000,-1.000000,-1.000000,-1.000000,-1.000000,-1.000000,-1.000000,-1.000000,-1.000000,0,0,-1.000000,1,1
53,33.890000,1.965128,1.419780,1.000000,-1.000000,-1.000000,-1.000000,-1.000000,-1.000000,-1.000000,-1.000000,-1.000000,-1.000000,-1.000000,-1.000000,0,0,-1.000000,1,1
54,34.480000,1.959924,1.398901,1.000000,-1.000000,-1.000000,-1.000000,-1.000000,-1.000000,-1.000000,-1.000000,-1.000000,-1.000000,-1.000000,-1.000000,0,0,-1.000000,1,1
55,35.950000,1.948144,1.418198,1.000000,-1.000000,-1.000000,-1.000000,-1.000000,-1.000000,-1.000000,-1.000000,-1.000000,-1.000000,-1.000000,-1.000000,0,0,-1.000000,1,1
56,36.410000,1.946823,1.540488,1.000000,-1.000000,-1.000000,-1.000000,-1.000000,-1.000000,-1.000000,-1.000000,-1.000000,-1.000000,-1.000000,-1.000000,0,0,-1.000000,1,1
57,34.550000,1.964001,1.453083,1.000000,-1.000000,-1.000000,-1.000000,-1.000000,-1.000000,-1.000000,-1.000000,-1.000000,-1.000000,-1.000000,-1.000000,0,0,-1.000000,1,1
58,35.070000,1.962638,1.444615,1.000000,-1.000000,-1.000000,-1.000000,-1.000000,-1.000000,-1.000000,-1.000000,-1.000000,-1.000000,-1.000000,-1.000000,0,0,-1.000000,1,1
59,32.240000,1.977601,1.435070,1.000000,-1.000000,-1.000000,-1.000000,-1.000000,-1.000000,-1.000000,-1.000000,-1.000000,-1.000000,-1.000000,-1.000000,0,0,-1.000000,1,1
60,32.160000,1.978084,1.484940,1.000000,-1.000000,-1.000000,-1.000000,-1.000000,-1.000000,-1.000000,-1.000000,-1.000000,-1.000000,-1.000000,-1.000000,0,0,-1.000000,1,1
61,34.860000,1.941943,1.333932,1.000000,-1.000000,-1.000000,-1.000000,-1.000000,-1.000000,-1.000000,-1.000000,-1.000000,-1.000000,-1.000000,-1.000000,0,0,-1.000000,1,1
62,35.010000,1.946001,1.398643,1.000000,-1.000000,-1.000000,-1.000000,-1.000000,-1.000000,-1.000000,-1.000000,-1.000000,-1.000000,-1.000000,-1.000000,0,0,-1.000000,1,1
63,34.760000,1.947594,1.389286,1.000000,-1.000000,-1.000000,-1.000000,-1.000000,-1.000000,-1.000000,-1.000000,-1.000000,-1.000000,-1.000000,-1.000000,0,0,-1.000000,1,1
64,35.230000,1.940550,1.375294,1.000000,-1.000000,-1.000000,-1.000000,-1.000000,-1.000000,-1.000000,-1.000000,-1.000000,-1.000000,-1.000000,-1.000000,0,0,-1.000000,1,1
65,34.060000,1.954626,1.434781,1.000000,-1.000000,-1.000000,-1.000000,-1.000000,-1.000000,-1.000000,-1.000000,-1.000000,-1.000000,-1.000000,-1.000000,0,0,-1.000000,1,1
66,35.060000,1.956847,1.456857,1.000000,-1.000000,-1.000000,-1.000000,-1.000000,-1.000000,-1.000000,-1.000000,-1.000000,-1.000000,-1.000000,-1.000000,0,0,-1.000000,1,1
67,32.550000,1.976789,1.473490,1.000000,-1.000000,-1.000000,-1.000000,-1.000000,-1.000000,-1.000000,-1.000000,-1.000000,-1.000000,-1.000000,-1.000000,0,0,-1.000000,1,1
68,35.230000,1.940202,1.379147,1.000000,-1.000000,-1.000000,-1.000000,-1.000000,-1.000000,-1.000000,-1.000000,-1.000000,-1.000000,-1.000000,-1.000000,0,0,-1.000000,1,1
69,33.230000,1.970502,1.508723,1.000000,-1.000000,-1.000000,-1.000000,-1.000000,-1.000000,-1.000000,-1.000000,-1.000000,-1.000000,-1.000000,-1.000000,0,0,-1.000000,1,1
70,34.010000,1.959416,1.452521,1.000000,-1.000000,-1.000000,-1.000000,-1.000000,-1.000000,-1.000000,-1.000000,-1.000000,-1.000000,-1.000000,-1.000000,0,0,-1.000000,1,1
71,34.930000,1.951024,1.432832,1.000000,-1.000000,-1.000000,-1.000000,-1.000000,-1.000000,-1.000000,-1.000000,-1.000000,-1.000000,-1.000000,-1.000000,0,0,-1.000000,1,1
72,34.740000,1.939168,1.363441,1.000000,-1.000000,-1.000000,-1.000000,-1.000000,-1.000000,-1.000000,-1.000000,-1.000000,-1.000000,-1.000000,-1.000000,0,0,-1.000000,1,1
73,32.210000,1.964999,1.309215,1.000000,-1.000000,-1.000000,-1.000000,-1.000000,-1.000000,-1.000000,-1.000000,-1.000000,-1.000000,-1.000000,-1.000000,0,0,-1.000000,1,1
74,32.120000,1.969103,1.389362,1.000000,-1.000000,-1.000000,-1.000000,-1.000000,-1.000000,-1.000000,-1.000000,-1.000000,-1.000000,-1.000000,-1.000000,0,0,-1.000000,1,1
75,34.090000,1.956864,1.352091,1.000000,-1.000000,-1.000000,-1.000000,-1.000000,-1.000000,-1.000000,-1.000000,-1.000000,-1.000000,-1.000000,-1.000000,0,0,-1.000000,1,1
76,34.800000,1.949114,1.443991,1.000000,-1.000000,-1.000000,-1.000000,-1.000000,-1.000000,-1.000000,-1.000000,-1.000000,-1.000000,-1.000000,-1.000000,0,0,-1.000000,1,1
77,33.010000,1.958113,1.324544,1.000000,-1.000000,-1.000000,-1.000000,-1.000000,-1.000000,-1.000000,-1.000000,-1.000000,-1.000000,-1.000000,-1.000000,0,0,-1.000000,1,1
78,34.160000,1.937813,1.391050,1.000000,-1.000000,-1.000000,-1.000000,-1.000000,-1.000000,-1.000000,-1.000000,-1.000000,-1.000000,-1.000000,-1.000000,0,0,-1.000000,1,1
79,32.030000,1.963804,1.383252,1.000000,-1.000000,-1.000000,-1.000000,-1.000000,-1.000000,-1.000000,-1.000000,-1.000000,-1.000000,-1.000000,-1.000000,0,0,-1.000000,1,1
80,32.430000,1.969253,1.442780,1.000000,-1.000000,-1.000000,-1.000000,-1.000000,-1.000000,-1.000000,-1.000000,-1.000000,-1.000000,-1.000000,-1.000000,0,0,-1.000000,1,1
81,33.190000,1.956333,1.358020,1.000000,-1.000000,-1.000000,-1.000000,-1.000000,-1.000000,-1.000000,-1.000000,-1.000000,-1.000000,-1.000000,-1.000000,0,0,-1.000000,1,1
82,33.340000,1.958241,1.392654,1.000000,-1.000000,-1.000000,-1.000000,-1.000000,-1.000000,-1.000000,-1.000000,-1.000000,-1.000000,-1.000000,-1.000000,0,0,-1.000000,1,1
83,33.480000,1.959279,1.412090,1.000000,-1.000000,-1.000000,-1.000000,-1.000000,-1.000000,-1.000000,-1.000000,-1.000000,-1.000000,-1.000000,-1.000000,0,0,-1.000000,1,1
84,33.430000,1.957339,1.439219,1.000000,-1.000000,-1.000000,-1.000000,-1.000000,-1.000000,-1.000000,-1.000000,-1.000000,-1.000000,-1.000000,-1.000000,0,0,-1.000000,1,1
85,31.400000,1.980390,1.359549,1.000000,-1.000000,-1.000000,-1.000000,-1.000000,-1.000000,-1.000000,-1.000000,-1.000000,-1.000000,-1.000000,-1.000000,0,0,-1.000000,1,1
86,32.060000,1.967520,1.451146,1.000000,-1.000000,-1.000000,-1.000000,-1.000000,-1.000000,-1.000000,-1.000000,-1.000000,-1.000000,-1.000000,-1.000000,0,0,-1.000000,1,1
87,33.400000,1.940443,1.300121,1.000000,-1.000000,-1.000000,-1.000000,-1.000000,-1.000000,-1.000000,-1.000000,-1.000000,-1.000000,-1.000000,-1.000000,0,0,-1.000000,1,1
88,32.770000,1.964927,1.429749,1.000000,-1.000000,-1.000000,-1.000000,-1.000000,-1.000000,-1.000000,-1.000000,-1.000000,-1.000000,-1.000000,-1.000000,0,0,-1.000000,1,1
89,34.010000,1.953130,1.373009,1.000000,-1.000000,-1.000000,-1.000000,-1.000000,-1.000000,-1.000000,-1.000000,-1.000000,-1.000000,-1.000000,-1.000000,0,0,-1.000000,1,1
90,33.190000,1.957211,1.320587,1.000000,-1.000000,-1.000000,-1.000000,-1.000000,-1.000000,-1.000000,-1.000000,-1.000000,-1.000000,-1.000000,-1.000000,0,0,-1.000000,1,1
91,31.990000,1.972533,1.354559,1.000000,-1.000000,-1.000000,-1.000000,-1.000000,-1.000000,-1.000000,-1.000000,-1.000000,-1.000000,-1.000000,-1.000000,0,0,-1.000000,1,1
92,31.720000,1.975159,1.471690,1.000000,-1.000000,-1.000000,-1.000000,-1.000000,-1.000000,-1.000000,-1.000000,-1.000000,-1.000000,-1.000000,-1.000000,0,0,-1.000000,1,1
93,34.120000,1.953833,1.282194,1.000000,-1.000000,-1.000000,-1.000000,-1.000000,-1.000000,-1.000000,-1.000000,-1.000000,-1.000000,-1.000000,-1.000000,0,0,-1.000000,1,1
94,32.020000,1.976106,1.452225,1.000000,-1.000000,-1.000000,-1.000000,-1.000000,-1.000000,-1.000000,-1.000000,-1.000000,-1.000000,-1.000000,-1.000000,0,0,-1.000000,1,1
95,32.280000,1.956043,1.259562,1.000000,-1.000000,-1.000000,-1.000000,-1.000000,-1.000000,-1.000000,-1.000000,-1.000000,-1.000000,-1.000000,-1.000000,0,0,-1.000000,1,1
96,33.590000,1.943908,1.395855,1.000000,-1.000000,-1.000000,-1.000000,-1.000000,-1.000000,-1.000000,-1.000000,-1.000000,-1.000000,-1.000000,-1.000000,0,0,-1.000000,1,1
97,31.470000,1.977859,1.457974,1.000000,-1.000000,-1.000000,-1.000000,-1.000000,-1.000000,-1.000000,-1.000000,-1.000000,-1.000000,-1.000000,-1.000000,0,0,-1.000000,1,1
98,31.170000,1.975844,1.351198,1.000000,-1.000000,-1.000000,-1.000000,-1.000000,-1.000000,-1.000000,-1.000000,-1.000000,-1.000000,-1.000000,-1.000000,0,0,-1.000000,1,1
99,32.190000,1.965046,1.392456,1.000000,-1.000000,-1.000000,-1.000000,-1.000000,-1.000000,-1.000000,-1.000000,-1.000000,-1.000000,-1.000000,-1.000000,0,0,-1.000000,1,1
100,38.870000,1.804051,0.416084,0.654080,0.688000,0.833372,0.923821,0.654080,0.926798,0.976734,-1.000000,-1.000000,-1.000000,0.926798,0.976734,1197,361,0.000000,1,1
101,43.570000,1.664788,0.416562,0.648920,0.666680,0.874123,0.936311,0.648920,0.937435,0.977378,-1.000000,-1.000000,-1.000000,0.937435,0.977378,1015,352,0.000000,1,1
102,43.820000,1.626339,0.424625,0.615440,0.630480,0.878759,0.961608,0.615440,0.916353,0.978825,-1.000000,-1.000000,-1.000000,0.916353,0.978825,1287,305,0.000000,1,1
103,44.240000,1.582954,0.384243,0.644960,0.646240,0.924796,0.959479,0.644960,0.941516,0.974891,-1.000000,-1.000000,-1.000000,0.941516,0.974891,943,391,0.000000,1,1
104,46.930000,1.552723,0.393784,0.630000,0.635320,0.922181,0.972060,0.630000,0.937333,0.979758,-1.000000,-1.000000,-1.000000,0.937333,0.979758,987,305,0.000000,1,1
105,47.540000,1.509410,0.305642,0.622880,0.627600,0.941236,0.976720,0.622880,0.949782,0.978175,-1.000000,-1.000000,-1.000000,0.949782,0.978175,782,330,0.000000,1,1
106,49.730000,1.486771,0.330389,0.635440,0.640880,0.937274,0.973360,0.635440,0.949704,0.977897,-1.000000,-1.000000,-1.000000,0.949704,0.977897,799,341,0.000000,1,1
107,46.260000,1.506745,0.359566,0.605840,0.607960,0.941838,0.969851,0.605840,0.945992,0.970732,-1.000000,-1.000000,-1.000000,0.945992,0.970732,818,432,0.000000,1,1
108,49.950000,1.449357,0.321854,0.618880,0.616440,0.943222,0.969325,0.618880,0.945773,0.975794,-1.000000,-1.000000,-1.000000,0.945773,0.975794,839,363,0.000000,1,1
109,50.080000,1.443463,0.336808,0.595280,0.596200,0.929822,0.969161,0.595280,0.933275,0.971259,-1.000000,-1.000000,-1.000000,0.933275,0.971259,993,411,0.000000,1,1
110,50.430000,1.449985,0.370862,0.622560,0.626240,0.922777,0.968557,0.622560,0.930224,0.970636,-1.000000,-1.000000,-1.000000,0.930224,0.970636,1086,438,0.000000,1,1
111,48.350000,1.439689,0.308639,0.625720,0.622960,0.951650,0.963905,0.625720,0.953717,0.970278,-1.000000,-1.000000,-1.000000,0.953717,0.970278,724,457,0.000000,1,1
112,51.640000,1.384924,0.259599,0.639600,0.635720,0.969483,0.975437,0.639600,0.968793,0.980691,-1.000000,-1.000000,-1.000000,0.968793,0.980691,499,305,0.000000,1,1
113,50.790000,1.402810,0.231642,0.643680,0.638400,0.974123,0.966613,0.643680,0.974957,0.975441,-1.000000,-1.000000,-1.000000,0.974957,0.975441,403,395,0.000000,1,1
114,49.510000,1.428932,0.319424,0.615240,0.610400,0.954653,0.970424,0.615240,0.954294,0.977751,-1.000000,-1.000000,-1.000000,0.954294,0.977751,703,334,0.000000,1,1
115,52.670000,1.355939,0.320726,0.592760,0.587200,0.940736,0.963309,0.592760,0.941629,0.973354,-1.000000,-1.000000,-1.000000,0.941629,0.973354,865,382,0.000000,1,1
116,50.920000,1.392926,0.276839,0.661840,0.653600,0.949327,0.965637,0.661840,0.951650,0.980204,-1.000000,-1.000000,-1.000000,0.951650,0.980204,800,318,0.000000,1,1
117,51.340000,1.378923,0.285771,0.624360,0.621480,0.958100,0.969646,0.624360,0.958998,0.975052,-1.000000,-1.000000,-1.000000,0.958998,0.975052,640,383,0.000000,1,1
118,51.900000,1.374632,0.310440,0.590760,0.590720,0.954022,0.977317,0.590760,0.955447,0.978843,-1.000000,-1.000000,-1.000000,0.955447,0.978843,658,305,0.000000,1,1
119,54.110000,1.334761,0.334984,0.618040,0.618720,0.942139,0.978579,0.618040,0.945570,0.981064,-1.000000,-1.000000,-1.000000,0.945570,0.981064,841,282,0.000000,1,1
120,52.720000,1.350782,0.302073,0.631400,0.627400,0.951227,0.970596,0.631400,0.954007,0.979638,-1.000000,-1.000000,-1.000000,0.954007,0.979638,726,313,0.000000,1,1
121,53.430000,1.333254,0.308164,0.601600,0.600400,0.953831,0.976870,0.601600,0.954521,0.979531,-1.000000,-1.000000,-1.000000,0.954521,0.979531,684,300,0.000000,1,1
122,52.640000,1.363084,0.266942,0.614920,0.610160,0.956012,0.956388,0.614920,0.957523,0.965373,-1.000000,-1.000000,-1.000000,0.957523,0.965373,653,528,0.000000,1,1
123,53.500000,1.332713,0.293720,0.597160,0.593160,0.954953,0.962548,0.597160,0.955054,0.969141,-1.000000,-1.000000,-1.000000,0.955054,0.969141,671,454,0.000000,1,1
124,56.010000,1.296810,0.268223,0.606440,0.599520,0.964972,0.964972,0.606440,0.966097,0.977248,-1.000000,-1.000000,-1.000000,0.966097,0.977248,514,341,0.000000,1,1
125,54.390000,1.315647,0.326401,0.586960,0.584880,0.942416,0.962559,0.586960,0.941325,0.964864,-1.000000,-1.000000,-1.000000,0.941325,0.964864,861,503,0.000000,1,1
126,54.640000,1.312479,0.244662,0.618520,0.615760,0.961998,0.967908,0.618520,0.963073,0.973333,-1.000000,-1.000000,-1.000000,0.963073,0.973333,571,408,0.000000,1,1
127,54.820000,1.309711,0.311880,0.573880,0.572600,0.936151,0.945597,0.573880,0.938942,0.950536,-1.000000,-1.000000,-1.000000,0.938942,0.950536,876,701,0.000000,1,1
128,53.700000,1.323548,0.262154,0.622880,0.621680,0.952902,0.963691,0.622880,0.954213,0.966879,-1.000000,-1.000000,-1.000000,0.954213,0.966879,713,509,0.000000,1,1
129,55.190000,1.312768,0.296173,0.627800,0.627480,0.943265,0.966619,0.627800,0.946607,0.970538,-1.000000,-1.000000,-1.000000,0.946607,0.970538,838,451,0.000000,1,1
130,53.540000,1.325814,0.295286,0.608040,0.603920,0.944297,0.935744,0.608040,0.947832,0.945655,-1.000000,-1.000000,-1.000000,0.947832,0.945655,793,828,0.000000,1,1
131,53.160000,1.311744,0.288975,0.587040,0.585640,0.951711,0.951776,0.587040,0.954143,0.956489,-1.000000,-1.000000,-1.000000,0.954143,0.956489,673,637,0.000000,1,1
132,55.010000,1.291664,0.281276,0.623520,0.620920,0.949881,0.959711,0.623520,0.950603,0.964462,-1.000000,-1.000000,-1.000000,0.950603,0.964462,770,546,0.000000,1,1
133,54.420000,1.311743,0.277938,0.600160,0.599920,0.943926,0.950645,0.600160,0.947214,0.954338,-1.000000,-1.000000,-1.000000,0.947214,0.954338,792,680,0.000000,1,1
134,55.140000,1.286385,0.279003,0.611920,0.612640,0.943719,0.954437,0.611920,0.945941,0.955560,-1.000000,-1.000000,-1.000000,0.945941,0.955560,827,673,0.000000,1,1
135,54.610000,1.302114,0.295817,0.579400,0.575360,0.944522,0.951401,0.579400,0.945254,0.958824,-1.000000,-1.000000,-1.000000,0.945254,0.958824,793,588,0.000000,1,1
136,54.960000,1.288694,0.235721,0.617880,0.613480,0.971963,0.958526,0.617880,0.972422,0.965856,-1.000000,-1.000000,-1.000000,0.972422,0.965856,426,531,0.000000,1,1
137,53.410000,1.307676,0.272795,0.603320,0.602760,0.945053,0.956542,0.603320,0.947491,0.959901,-1.000000,-1.000000,-1.000000,0.947491,0.959901,792,597,0.000000,1,1
138,55.240000,1.275453,0.253039,0.596360,0.594840,0.948961,0.950175,0.596360,0.951975,0.955629,-1.000000,-1.000000,-1.000000,0.951975,0.955629,716,659,0.000000,1,1
139,55.760000,1.273440,0.260600,0.622000,0.616360,0.951003,0.964333,0.622000,0.952990,0.975191,-1.000000,-1.000000,-1.000000,0.952990,0.975191,731,377,0.000000,1,1
140,54.290000,1.294107,0.244359,0.605760,0.605040,0.966680,0.976884,0.605760,0.966587,0.977953,-1.000000,-1.000000,-1.000000,0.966587,0.977953,506,330,0.000000,1,1
141,54.160000,1.300057,0.259363,0.605640,0.606360,0.948018,0.964238,0.605640,0.952051,0.967190,-1.000000,-1.000000,-1.000000,0.952051,0.967190,726,489,0.000000,1,1
142,56.850000,1.245699,0.246659,0.603920,0.600280,0.959552,0.956175,0.603920,0.960061,0.962483,-1.000000,-1.000000,-1.000000,0.960061,0.962483,603,565,0.000000,1,1
143,56.940000,1.244221,0.233505,0.619160,0.617320,0.969740,0.959605,0.619160,0.968926,0.961657,-1.000000,-1.000000,-1.000000,0.968926,0.961657,481,598,0.000000,1,1
144,55.110000,1.291830,0.238041,0.598040,0.599760,0.955449,0.971649,0.598040,0.956123,0.969547,-1.000000,-1.000000,-1.000000,0.956123,0.969547,656,449,0.000000,1,1
145,55.280000,1.296043,0.223718,0.623640,0.623240,0.966562,0.969361,0.623640,0.967032,0.970456,-1.000000,-1.000000,-1.000000,0.967032,0.970456,514,459,0.000000,1,1
146,56.260000,1.242447,0.254531,0.595240,0.594840,0.965234,0.967251,0.595240,0.965661,0.968329,-1.000000,-1.000000,-1.000000,0.965661,0.968329,511,470,0.000000,1,1
147,56.510000,1.237635,0.242629,0.602400,0.598680,0.948353,0.942998,0.602400,0.951195,0.951701,-1.000000,-1.000000,-1.000000,0.951195,0.951701,735,727,0.000000,1,1
148,56.420000,1.236520,0.274810,0.575440,0.576200,0.955432,0.948126,0.575440,0.957459,0.948884,-1.000000,-1.000000,-1.000000,0.957459,0.948884,612,742,0.000000,1,1
149,58.280000,1.211077,0.223146,0.609840,0.602200,0.968781,0.940482,0.609840,0.969763,0.953379,-1.000000,-1.000000,-1.000000,0.969763,0.953379,461,723,0.000000,1,1
150,56.430000,1.238384,0.250642,0.616720,0.617400,0.956398,0.960567,0.616720,0.958879,0.961999,-1.000000,-1.000000,-1.000000,0.958879,0.961999,634,584,0.000000,1,1
151,55.500000,1.266146,0.270909,0.595400,0.596800,0.942560,0.958754,0.595400,0.942761,0.956708,-1.000000,-1.000000,-1.000000,0.942761,0.956708,852,635,0.000000,1,1
152,56.910000,1.239600,0.238952,0.600960,0.598520,0.966584,0.953521,0.600960,0.966720,0.957542,-1.000000,-1.000000,-1.000000,0.966720,0.957542,500,644,0.000000,1,1
153,54.960000,1.267133,0.239576,0.634200,0.630400,0.957360,0.954937,0.634200,0.957490,0.960823,-1.000000,-1.000000,-1.000000,0.957490,0.960823,674,619,0.000000,1,1
154,56.290000,1.239333,0.232456,0.600720,0.597680,0.962923,0.956395,0.600720,0.962845,0.961181,-1.000000,-1.000000,-1.000000,0.962845,0.961181,558,584,0.000000,1,1
155,55.180000,1.259767,0.243235,0.592960,0.588920,0.953746,0.938636,0.592960,0.956624,0.947928,-1.000000,-1.000000,-1.000000,0.956624,0.947928,643,779,0.000000,1,1
156,57.390000,1.241382,0.226883,0.609480,0.609440,0.971055,0.953286,0.609480,0.972173,0.954446,-1.000000,-1.000000,-1.000000,0.972173,0.954446,424,707,0.000000,1,1
157,58.300000,1.211799,0.243816,0.595920,0.592720,0.959509,0.947109,0.595920,0.960397,0.953104,-1.000000,-1.000000,-1.000000,0.960397,0.953104,590,704,0.000000,1,1
158,56.530000,1.244164,0.271301,0.622520,0.609160,0.952656,0.933110,0.622520,0.953094,0.954013,-1.000000,-1.000000,-1.000000,0.953094,0.954013,730,715,0.000000,1,1
159,57.170000,1.239803,0.208907,0.611080,0.610200,0.970305,0.954968,0.611080,0.970348,0.956387,-1.000000,-1.000000,-1.000000,0.970348,0.956387,453,676,0.000000,1,1
160,57.250000,1.212780,0.206948,0.626720,0.625880,0.971177,0.963235,0.626720,0.972109,0.965454,-1.000000,-1.000000,-1.000000,0.972109,0.965454,437,545,0.000000,1,1
161,57.260000,1.238979,0.184502,0.609960,0.603520,0.975809,0.963295,0.609960,0.975933,0.973698,-1.000000,-1.000000,-1.000000,0.975933,0.973698,367,402,0.000000,1,1
162,58.260000,1.207056,0.274188,0.617440,0.617280,0.945373,0.967440,0.617440,0.947007,0.969363,-1.000000,-1.000000,-1.000000,0.947007,0.969363,818,462,0.000000,1,1
163,57.880000,1.216727,0.188026,0.629200,0.625880,0.980060,0.948009,0.629200,0.980292,0.953264,-1.000000,-1.000000,-1.000000,0.980292,0.953264,310,756,0.000000,1,1
164,57.680000,1.212029,0.228520,0.623880,0.622000,0.963601,0.975521,0.623880,0.963903,0.978776,-1.000000,-1.000000,-1.000000,0.963903,0.978776,563,326,0.000000,1,1
165,56.900000,1.221039,0.260705,0.606640,0.606760,0.958204,0.964115,0.606640,0.959185,0.964911,-1.000000,-1.000000,-1.000000,0.959185,0.964911,619,529,0.000000,1,1
166,57.020000,1.214116,0.234370,0.583960,0.581440,0.962094,0.950326,0.583960,0.963765,0.956102,-1.000000,-1.000000,-1.000000,0.963765,0.956102,529,646,0.000000,1,1
167,55.690000,1.248946,0.238995,0.576880,0.578440,0.939354,0.976143,0.576880,0.942449,0.976717,-1.000000,-1.000000,-1.000000,0.942449,0.976717,830,324,0.000000,1,1
168,57.800000,1.214207,0.237600,0.604120,0.603080,0.948664,0.954297,0.604120,0.947361,0.954630,-1.000000,-1.000000,-1.000000,0.947361,0.954630,795,680,0.000000,1,1
169,57.930000,1.185592,0.286118,0.597400,0.592160,0.932653,0.945944,0.597400,0.935922,0.957660,-1.000000,-1.000000,-1.000000,0.935922,0.957660,957,618,0.000000,1,1
170,58.160000,1.188047,0.201276,0.584160,0.580840,0.968942,0.944042,0.584160,0.969940,0.950416,-1.000000,-1.000000,-1.000000,0.969940,0.950416,439,739,0.000000,1,1
171,54.990000,1.260219,0.184594,0.640880,0.639960,0.978436,0.963205,0.640880,0.980714,0.966835,-1.000000,-1.000000,-1.000000,0.980714,0.966835,309,539,0.000000,1,1
172,57.140000,1.226701,0.221574,0.599440,0.600400,0.960093,0.958433,0.599440,0.962098,0.958899,-1.000000,-1.000000,-1.000000,0.962098,0.958899,568,618,0.000000,1,1
173,57.540000,1.208502,0.247050,0.603240,0.601840,0.961119,0.956162,0.603240,0.960546,0.957815,-1.000000,-1.000000,-1.000000,0.960546,0.957815,595,638,0.000000,1,1
174,57.040000,1.230415,0.237934,0.604520,0.602200,0.966191,0.976504,0.604520,0.965063,0.979122,-1.000000,-1.000000,-1.000000,0.965063,0.979122,528,311,0.000000,1,1
175,54.700000,1.264838,0.269520,0.585840,0.584240,0.939135,0.965714,0.585840,0.937662,0.966840,-1.000000,-1.000000,-1.000000,0.937662,0.966840,913,471,0.000000,1,1
176,56.430000,1.231055,0.264843,0.609800,0.608520,0.942944,0.960688,0.609800,0.945556,0.965376,-1.000000,-1.000000,-1.000000,0.945556,0.965376,830,517,0.000000,1,1
177,57.600000,1.224181,0.267379,0.588400,0.585080,0.940316,0.936411,0.588400,0.943168,0.944581,-1.000000,-1.000000,-1.000000,0.943168,0.944581,836,814,0.000000,1,1
178,58.720000,1.193706,0.325143,0.586920,0.582000,0.922887,0.951261,0.586920,0.921966,0.958345,-1.000000,-1.000000,-1.000000,0.921966,0.958345,1145,588,0.000000,1,1
179,57.020000,1.224280,0.262715,0.610680,0.611640,0.930417,0.965983,0.610680,0.933582,0.967749,-1.000000,-1.000000,-1.000000,0.933582,0.967749,1014,475,0.000000,1,1
180,55.810000,1.267008,0.237574,0.623760,0.623200,0.956804,0.960008,0.623760,0.957420,0.961489,-1.000000,-1.000000,-1.000000,0.957420,0.961489,664,598,0.000000,1,1
181,58.120000,1.200574,0.259574,0.602440,0.598440,0.930553,0.963060,0.602440,0.932408,0.971431,-1.000000,-1.000000,-1.000000,0.932408,0.971431,1018,413,0.000000,1,1
182,55.870000,1.269275,0.236294,0.637080,0.634200,0.953453,0.969784,0.637080,0.952973,0.973698,-1.000000,-1.000000,-1.000000,0.952973,0.973698,749,410,0.000000,1,1
183,56.410000,1.231651,0.199337,0.616400,0.614400,0.971549,0.978943,0.616400,0.971058,0.981632,-1.000000,-1.000000,-1.000000,0.971058,0.981632,446,280,0.000000,1,1
184,58.980000,1.194848,0.261765,0.630720,0.630760,0.955292,0.956566,0.630720,0.957509,0.958725,-1.000000,-1.000000,-1.000000,0.957509,0.958725,670,650,0.000000,1,1
185,55.600000,1.256109,0.262586,0.569200,0.572000,0.932168,0.958993,0.569200,0.934786,0.956978,-1.000000,-1.000000,-1.000000,0.934786,0.956978,928,598,0.000000,1,1
186,58.050000,1.209745,0.205470,0.610280,0.605720,0.966849,0.957930,0.610280,0.967949,0.966239,-1.000000,-1.000000,-1.000000,0.967949,0.966239,489,516,0.000000,1,1
187,57.370000,1.219972,0.204069,0.633000,0.631800,0.967648,0.974745,0.633000,0.968973,0.977934,-1.000000,-1.000000,-1.000000,0.968973,0.977934,491,346,0.000000,1,1
188,59.210000,1.172318,0.226599,0.632080,0.631320,0.960084,0.969358,0.632080,0.960638,0.971085,-1.000000,-1.000000,-1.000000,0.960638,0.971085,622,452,0.000000,1,1
189,57.940000,1.212765,0.199279,0.596240,0.592560,0.971176,0.951270,0.596240,0.973434,0.959402,-1.000000,-1.000000,-1.000000,0.973434,0.959402,396,614,0.000000,1,1
190,58.400000,1.186702,0.178251,0.577920,0.574320,0.972211,0.946501,0.577920,0.972799,0.953011,-1.000000,-1.000000,-1.000000,0.972799,0.953011,393,693,0.000000,1,1
191,58.300000,1.197637,0.239757,0.628480,0.627960,0.949742,0.970450,0.628480,0.951120,0.972663,-1.000000,-1.000000,-1.000000,0.951120,0.972663,768,420,0.000000,1,1
192,59.420000,1.161794,0.260090,0.602520,0.602760,0.930188,0.967490,0.602520,0.932616,0.969630,-1.000000,-1.000000,-1.000000,0.932616,0.969630,1015,440,0.000000,1,1
193,59.070000,1.175772,0.165570,0.607960,0.607720,0.977555,0.962665,0.607960,0.979012,0.964480,-1.000000,-1.000000,-1.000000,0.979012,0.964480,319,548,0.000000,1,1
194,57.950000,1.192012,0.208772,0.598000,0.598760,0.957512,0.962980,0.598000,0.958462,0.962712,-1.000000,-1.000000,-1.000000,0.958462,0.962712,621,555,0.000000,1,1
195,59.140000,1.178394,0.202592,0.597600,0.597480,0.961706,0.953851,0.597600,0.962851,0.955179,-1.000000,-1.000000,-1.000000,0.962851,0.955179,555,675,0.000000,1,1
196,59.300000,1.166064,0.213640,0.621720,0.619760,0.958887,0.967001,0.621720,0.961397,0.972598,-1.000000,-1.000000,-1.000000,0.961397,0.972598,600,421,0.000000,1,1
197,59.600000,1.166015,0.236880,0.644080,0.644280,0.962004,0.966746,0.644080,0.962800,0.967245,-1.000000,-1.000000,-1.000000,0.962800,0.967245,599,525,0.000000,1,1
198,57.250000,1.210460,0.176598,0.604120,0.599400,0.975642,0.953561,0.604120,0.976892,0.962301,-1.000000,-1.000000,-1.000000,0.976892,0.962301,349,578,0.000000,1,1
199,57.530000,1.207373,0.186807,0.610320,0.610920,0.961108,0.977297,0.610320,0.961397,0.976631,-1.000000,-1.000000,-1.000000,0.961397,0.976631,589,351,0.000000,1,1
200,57.470000,1.213473,0.249485,0.619880,0.618760,0.934643,0.970857,0.615920,0.937719,0.969581,0.630280,0.923843,0.977505,0.934891,0.972871,1009,404,1.000000,1,1
201,58.640000,1.188142,0.207488,0.642040,0.641600,0.976995,0.973354,0.638520,0.978889,0.970559,0.651760,0.967534,0.979193,0.977260,0.974286,365,414,1.000000,1,1
202,58.330000,1.181671,0.249995,0.655520,0.649880,0.949160,0.963331,0.651400,0.950200,0.966642,0.666160,0.936532,0.974325,0.947340,0.969828,863,483,1.000000,1,1
203,58.700000,1.185070,0.237984,0.571800,0.565560,0.949643,0.951730,0.568640,0.952307,0.959597,0.583280,0.935537,0.966969,0.949213,0.961795,726,539,1.000000,1,1
204,58.720000,1.180196,0.243762,0.639520,0.635400,0.947246,0.955972,0.635920,0.949428,0.958958,0.648880,0.937246,0.965947,0.946960,0.961881,848,600,1.000000,1,1
205,58.990000,1.184438,0.282143,0.587520,0.584400,0.930390,0.955638,0.583960,0.935544,0.960208,0.600160,0.915489,0.965692,0.930896,0.961263,1015,551,1.000000,1,1
206,57.300000,1.217430,0.240486,0.631240,0.627800,0.955464,0.955159,0.626520,0.957416,0.955159,0.640880,0.942953,0.962293,0.953742,0.958662,730,649,1.000000,1,1
207,57.790000,1.216925,0.220963,0.603360,0.599680,0.955710,0.973105,0.599840,0.958055,0.975754,0.612880,0.944263,0.982613,0.955118,0.978471,677,317,1.000000,1,1
208,57.070000,1.217734,0.207173,0.641800,0.639040,0.968766,0.962261,0.638960,0.969450,0.962820,0.650520,0.958864,0.969535,0.968027,0.965680,513,552,1.000000,1,1
209,59.120000,1.170926,0.216219,0.617560,0.616720,0.961798,0.968203,0.614880,0.963375,0.966897,0.625560,0.952618,0.972708,0.961979,0.969705,587,464,1.000000,1,1
210,58.080000,1.215976,0.210178,0.567120,0.564040,0.968087,0.955417,0.563480,0.970682,0.957027,0.577320,0.954479,0.964166,0.967767,0.960316,457,567,1.000000,1,1
211,56.770000,1.225574,0.235520,0.593640,0.589720,0.946280,0.941617,0.591800,0.949780,0.948434,0.600920,0.932370,0.945397,0.946634,0.948232,792,767,1.000000,1,1
212,59.640000,1.156824,0.229058,0.588040,0.584200,0.953851,0.959435,0.584400,0.958522,0.964463,0.598800,0.942552,0.971763,0.955717,0.967631,651,470,1.000000,1,1
213,59.320000,1.169427,0.245550,0.608800,0.607960,0.939272,0.959925,0.604720,0.943908,0.959521,0.620640,0.928590,0.968800,0.941656,0.963690,888,540,1.000000,1,1
214,58.020000,1.223398,0.296757,0.595120,0.592640,0.930413,0.949380,0.591760,0.933419,0.951033,0.604520,0.919738,0.957300,0.930905,0.953857,1028,670,1.000000,1,1
215,58.290000,1.191023,0.255686,0.634200,0.630200,0.940083,0.950642,0.630760,0.944004,0.955456,0.647320,0.928134,0.964056,0.941848,0.958472,922,647,1.000000,1,1
216,55.180000,1.263928,0.178824,0.632760,0.631160,0.977375,0.959318,0.629280,0.979596,0.958634,0.643760,0.967566,0.968649,0.978128,0.962491,346,603,1.000000,1,1
217,59.770000,1.156800,0.200435,0.617800,0.613760,0.969825,0.955625,0.614240,0.971737,0.958258,0.627040,0.959492,0.965900,0.969440,0.961534,472,599,1.000000,1,1
218,58.370000,1.185215,0.236331,0.628200,0.624800,0.945967,0.966763,0.624440,0.949331,0.969641,0.636800,0.936621,0.975595,0.946896,0.972978,834,413,1.000000,1,1
219,58.470000,1.190704,0.248450,0.590840,0.589040,0.944180,0.966630,0.587360,0.946540,0.966282,0.601960,0.930029,0.973026,0.943673,0.969063,832,445,1.000000,1,1
220,55.950000,1.252958,0.238019,0.644800,0.642360,0.958528,0.965926,0.640800,0.962859,0.967934,0.654560,0.947323,0.972766,0.959181,0.970256,658,474,1.000000,1,1
221,58.230000,1.196969,0.259187,0.619200,0.619160,0.937657,0.959413,0.614640,0.943512,0.958355,0.631040,0.927421,0.967147,0.939987,0.961859,929,577,1.000000,1,1
222,59.040000,1.171344,0.187230,0.610840,0.607880,0.974271,0.958938,0.607720,0.976437,0.960816,0.620080,0.965295,0.969171,0.974854,0.964184,384,553,1.000000,1,1
223,58.840000,1.176950,0.213760,0.604400,0.600440,0.949237,0.944894,0.601440,0.952181,0.949403,0.614840,0.938911,0.957029,0.950430,0.952321,749,719,1.000000,1,1
224,56.910000,1.235852,0.234604,0.608520,0.605880,0.950353,0.962490,0.603960,0.954500,0.963627,0.619720,0.937972,0.971650,0.950700,0.967037,750,493,1.000000,1,1
225,58.860000,1.174668,0.255324,0.620920,0.619200,0.941021,0.950600,0.617520,0.944488,0.951514,0.631800,0.928902,0.957452,0.941699,0.953928,905,706,1.000000,1,1
226,58.950000,1.172215,0.214080,0.639080,0.637400,0.960088,0.960751,0.637120,0.960886,0.961128,0.646160,0.953510,0.967282,0.960255,0.963451,635,582,1.000000,1,1
227,59.240000,1.172507,0.264903,0.677960,0.672160,0.942871,0.965391,0.674280,0.946669,0.972337,0.685240,0.935088,0.976054,0.944362,0.975262,943,406,1.000000,1,1
228,58.950000,1.170229,0.215795,0.582200,0.580560,0.948808,0.956054,0.579640,0.951349,0.957095,0.591400,0.940277,0.965149,0.950120,0.960081,726,575,1.000000,1,1
229,58.260000,1.199977,0.217983,0.614800,0.614640,0.943642,0.982385,0.611920,0.947836,0.982385,0.626000,0.933099,0.989363,0.945804,0.984892,833,223,1.000000,1,1
230,58.580000,1.187941,0.191255,0.661760,0.659200,0.962864,0.949725,0.658800,0.965270,0.951520,0.670080,0.953140,0.955650,0.963129,0.953675,610,774,1.000000,1,1
231,59.030000,1.182969,0.205524,0.611040,0.608880,0.964459,0.961302,0.608080,0.966189,0.961760,0.618200,0.955548,0.966998,0.963996,0.964248,550,546,1.000000,1,1
232,58.340000,1.185680,0.227500,0.583880,0.582040,0.944677,0.974894,0.580680,0.948199,0.976241,0.595560,0.930150,0.982199,0.945400,0.978723,797,300,1.000000,1,1
233,60.290000,1.156612,0.244829,0.614320,0.612400,0.939843,0.974336,0.611520,0.941523,0.974675,0.626520,0.926068,0.982191,0.939575,0.977113,928,338,1.000000,1,1
234,58.430000,1.185689,0.211584,0.608960,0.600320,0.949560,0.927799,0.607400,0.952782,0.941927,0.616240,0.939569,0.942383,0.951393,0.942969,740,876,1.000000,1,1
235,57.460000,1.230774,0.237270,0.616160,0.613240,0.954341,0.979317,0.613120,0.957659,0.982530,0.623480,0.946622,0.987617,0.955401,0.985074,687,223,1.000000,1,1
236,56.770000,1.219302,0.223635,0.639840,0.635360,0.944598,0.947940,0.637200,0.947207,0.953311,0.649600,0.935222,0.959565,0.945361,0.955396,874,706,1.000000,1,1
237,60.020000,1.156628,0.238648,0.615320,0.608800,0.948752,0.940594,0.612240,0.951980,0.949127,0.620320,0.938741,0.948280,0.948775,0.950690,788,757,1.000000,1,1
238,57.770000,1.191259,0.237523,0.620960,0.617560,0.948701,0.956820,0.618120,0.951272,0.960282,0.630160,0.938365,0.965704,0.948982,0.962373,792,576,1.000000,1,1
239,57.010000,1.224185,0.304569,0.629120,0.624720,0.928544,0.965770,0.624840,0.929902,0.967368,0.639960,0.914370,0.974227,0.926246,0.970165,1160,448,1.000000,1,1
240,59.050000,1.178451,0.223290,0.600360,0.598360,0.944582,0.950875,0.597080,0.948818,0.953096,0.613080,0.931559,0.960834,0.946632,0.956124,801,652,1.000000,1,1
241,57.850000,1.209647,0.214648,0.625040,0.621560,0.949546,0.968684,0.622480,0.951227,0.971836,0.632760,0.942032,0.978335,0.949571,0.974133,788,394,1.000000,1,1
242,57.530000,1.205786,0.218213,0.582440,0.582360,0.948142,0.943154,0.578160,0.952747,0.940899,0.595360,0.934292,0.950123,0.949248,0.944384,739,814,1.000000,1,1
243,57.300000,1.215503,0.210218,0.636240,0.632680,0.961876,0.971272,0.633400,0.962678,0.973187,0.642960,0.952656,0.977592,0.960329,0.975166,631,389,1.000000,1,1
244,59.270000,1.183971,0.258771,0.620400,0.619760,0.935975,0.963972,0.616920,0.939636,0.963308,0.629640,0.925291,0.968160,0.936557,0.965568,984,518,1.000000,1,1
245,58.120000,1.194752,0.193707,0.637080,0.635720,0.964827,0.976937,0.634480,0.966461,0.976682,0.645480,0.955382,0.982225,0.964714,0.978912,562,331,1.000000,1,1
246,58.710000,1.178249,0.158495,0.646600,0.643000,0.980529,0.963919,0.643480,0.982346,0.966426,0.654280,0.972856,0.973153,0.980390,0.969178,317,504,1.000000,1,1
247,57.750000,1.195143,0.243803,0.600240,0.599400,0.939806,0.948222,0.596240,0.942842,0.946270,0.611080,0.926753,0.953272,0.939491,0.949232,908,754,1.000000,1,1
248,59.430000,1.177173,0.236169,0.604400,0.600080,0.937742,0.952342,0.600880,0.940088,0.955998,0.614120,0.926594,0.963038,0.937062,0.958503,951,613,1.000000,1,1
249,57.530000,1.219743,0.206401,0.611720,0.612320,0.959760,0.958257,0.609720,0.961687,0.956105,0.618600,0.952215,0.960475,0.960766,0.958322,600,639,1.000000,1,1
250,58.030000,1.220269,0.179356,0.604200,0.604640,0.961299,0.952228,0.600840,0.964716,0.949607,0.612000,0.953333,0.955832,0.962926,0.953145,560,715,1.000000,1,1
251,60.620000,1.134702,0.225240,0.609040,0.608920,0.952309,0.951746,0.605800,0.955365,0.949908,0.616160,0.944365,0.955029,0.952318,0.951943,726,732,1.000000,1,1
252,60.630000,1.150728,0.256345,0.614080,0.614240,0.925436,0.951714,0.611360,0.930058,0.951982,0.620400,0.921857,0.957541,0.928218,0.954326,1102,682,1.000000,1,1
253,57.400000,1.196813,0.228716,0.589120,0.587680,0.945072,0.953378,0.586520,0.947282,0.953722,0.596840,0.934187,0.957086,0.944935,0.955575,811,647,1.000000,1,1
254,57.280000,1.231449,0.252101,0.625280,0.625640,0.932805,0.969049,0.621880,0.937094,0.967654,0.637640,0.921147,0.975292,0.934557,0.970311,1023,447,1.000000,1,1
255,59.430000,1.174183,0.234599,0.603240,0.602560,0.942844,0.976017,0.602120,0.944463,0.976979,0.610120,0.932603,0.977529,0.943439,0.977735,853,324,1.000000,1,1
256,58.250000,1.183999,0.190514,0.620560,0.616440,0.963078,0.959033,0.618360,0.965004,0.963944,0.627600,0.954939,0.968144,0.962679,0.965043,579,541,1.000000,1,1
257,59.490000,1.173238,0.252727,0.603560,0.601480,0.933032,0.969458,0.600080,0.936009,0.970287,0.612920,0.922013,0.976230,0.932799,0.972568,1014,397,1.000000,1,1
258,59.750000,1.145212,0.198998,0.605840,0.605000,0.961058,0.964437,0.603080,0.962924,0.963243,0.614560,0.951315,0.969745,0.961112,0.965831,589,515,1.000000,1,1
259,58.890000,1.167330,0.193078,0.614120,0.611320,0.949814,0.952244,0.611760,0.952661,0.955786,0.621640,0.943504,0.961887,0.951345,0.958147,747,638,1.000000,1,1
260,59.140000,1.168561,0.233017,0.582360,0.581320,0.949081,0.962392,0.580000,0.952621,0.963787,0.592040,0.938045,0.968741,0.950409,0.965462,722,495,1.000000,1,1
261,58.730000,1.184218,0.260619,0.622880,0.621280,0.926539,0.951786,0.620400,0.931270,0.955291,0.632840,0.916251,0.958730,0.928911,0.956680,1107,655,1.000000,1,1
262,58.830000,1.177377,0.235466,0.632360,0.629680,0.944734,0.972789,0.628920,0.946702,0.973639,0.643440,0.931991,0.980638,0.944715,0.976910,874,353,1.000000,1,1
263,58.560000,1.162586,0.202189,0.601280,0.602040,0.946914,0.951910,0.599480,0.950557,0.951509,0.609480,0.940539,0.957187,0.950306,0.954114,747,687,1.000000,1,1
264,58.240000,1.196586,0.256339,0.629680,0.629280,0.936308,0.971636,0.625160,0.938576,0.967612,0.641920,0.922669,0.976715,0.935713,0.971636,1012,430,1.000000,1,1
265,59.750000,1.157368,0.205602,0.595560,0.591600,0.965923,0.951892,0.594280,0.968029,0.958289,0.602120,0.956421,0.959288,0.967157,0.959488,489,608,1.000000,1,1
266,60.070000,1.135699,0.239540,0.595440,0.592880,0.951626,0.960308,0.591960,0.953173,0.960376,0.605960,0.938016,0.967456,0.951028,0.963848,729,531,1.000000,1,1
267,58.200000,1.194753,0.258017,0.607680,0.602520,0.947023,0.960218,0.604400,0.950165,0.966411,0.616920,0.933541,0.969171,0.947143,0.968565,803,467,1.000000,1,1
268,57.370000,1.215775,0.163836,0.587920,0.583320,0.968662,0.942991,0.587520,0.969839,0.950935,0.590280,0.960426,0.946128,0.968295,0.950067,466,748,1.000000,1,1
269,59.690000,1.157484,0.197423,0.624720,0.622320,0.962527,0.967877,0.622480,0.965236,0.970851,0.629920,0.957455,0.974535,0.963119,0.972208,576,430,1.000000,1,1
270,60.650000,1.127843,0.198795,0.632880,0.628080,0.972360,0.945036,0.630520,0.973419,0.949740,0.638880,0.965753,0.954754,0.972570,0.952463,434,768,1.000000,1,1
271,57.450000,1.198956,0.199019,0.589880,0.588320,0.963829,0.958356,0.587240,0.965874,0.958626,0.597360,0.953931,0.963088,0.964128,0.961195,529,574,1.000000,1,1
272,59.410000,1.162403,0.262465,0.617600,0.614000,0.930293,0.953780,0.614240,0.931167,0.955049,0.625720,0.918814,0.959992,0.928433,0.957454,1105,637,1.000000,1,1
273,60.450000,1.138896,0.237249,0.619080,0.619040,0.938873,0.951165,0.616600,0.942329,0.950903,0.628080,0.930964,0.956926,0.940945,0.953325,914,713,1.000000,1,1
274,59.460000,1.167004,0.186311,0.608960,0.607000,0.961845,0.951499,0.606360,0.965367,0.953977,0.617040,0.952612,0.957953,0.964070,0.956780,547,663,1.000000,1,1
275,57.710000,1.206998,0.227605,0.589000,0.587360,0.950354,0.961088,0.586120,0.954890,0.963636,0.597560,0.940357,0.967493,0.952122,0.965565,705,500,1.000000,1,1
276,58.850000,1.182584,0.172634,0.573400,0.572520,0.962482,0.949022,0.571800,0.964253,0.949573,0.578240,0.956350,0.952397,0.963655,0.951640,521,702,1.000000,1,1
277,59.410000,1.166286,0.175257,0.615400,0.611480,0.977170,0.968742,0.613120,0.977949,0.972114,0.623440,0.966252,0.976654,0.976731,0.974514,358,393,1.000000,1,1
278,60.590000,1.144880,0.248623,0.623360,0.618520,0.934941,0.967412,0.622760,0.935320,0.974438,0.628040,0.933125,0.980393,0.936858,0.976981,984,344,1.000000,1,1
279,59.730000,1.161468,0.185674,0.582760,0.582600,0.963955,0.964021,0.580080,0.965867,0.961755,0.592720,0.950601,0.967179,0.964308,0.964639,520,515,1.000000,1,1
280,59.020000,1.166352,0.192063,0.608120,0.606280,0.958105,0.968392,0.605000,0.959339,0.967591,0.613280,0.950300,0.971592,0.957508,0.970726,646,439,1.000000,1,1
281,58.340000,1.197013,0.195799,0.631760,0.634760,0.955007,0.968990,0.629360,0.960277,0.966049,0.638400,0.950313,0.969757,0.959035,0.968478,647,493,1.000000,1,1
282,59.680000,1.165522,0.214694,0.606400,0.605040,0.947111,0.938057,0.604680,0.949990,0.940348,0.615560,0.937943,0.945128,0.949406,0.942444,767,879,1.000000,1,1
283,59.990000,1.158377,0.195457,0.594360,0.592760,0.964168,0.973032,0.591920,0.964928,0.972419,0.602680,0.953275,0.978139,0.963120,0.974598,548,373,1.000000,1,1
284,59.380000,1.172206,0.219337,0.581360,0.579640,0.946035,0.958940,0.578680,0.946706,0.958030,0.591200,0.930379,0.961877,0.943581,0.959289,820,582,1.000000,1,1
285,57.680000,1.209515,0.197689,0.650480,0.652520,0.947649,0.961142,0.649040,0.951621,0.960022,0.653760,0.947687,0.963007,0.950683,0.961204,802,624,1.000000,1,1
286,59.830000,1.153622,0.202752,0.585520,0.581720,0.961562,0.943081,0.582520,0.963332,0.946115,0.594440,0.950474,0.952590,0.961470,0.949150,564,754,1.000000,1,1
287,60.630000,1.137795,0.196212,0.600720,0.600200,0.946884,0.961820,0.598400,0.948529,0.960601,0.610320,0.935575,0.966355,0.946797,0.962564,799,553,1.000000,1,1
288,57.520000,1.178486,0.226095,0.586240,0.586880,0.938522,0.938011,0.584200,0.941185,0.936376,0.595800,0.925747,0.939305,0.939138,0.937602,892,916,1.000000,1,1
289,59.060000,1.179495,0.201859,0.606520,0.606440,0.956797,0.957871,0.603640,0.959115,0.955758,0.616120,0.944167,0.960314,0.957001,0.958201,652,633,1.000000,1,1
290,60.030000,1.155702,0.193690,0.594520,0.594640,0.956680,0.945109,0.591880,0.960870,0.944843,0.601240,0.949438,0.948365,0.958555,0.946770,616,801,1.000000,1,1
291,60.010000,1.152914,0.160066,0.660920,0.658840,0.979297,0.954664,0.659440,0.980650,0.956854,0.666400,0.972089,0.958511,0.979967,0.958333,331,704,1.000000,1,1
292,58.440000,1.186235,0.239179,0.624000,0.621760,0.940234,0.976155,0.620840,0.943109,0.977692,0.632760,0.930653,0.983302,0.941090,0.980564,919,291,1.000000,1,1
293,60.290000,1.131333,0.225615,0.628440,0.622920,0.937584,0.929763,0.625120,0.938572,0.934030,0.636120,0.925737,0.937468,0.935968,0.936386,1006,999,1.000000,1,1
294,58.760000,1.167959,0.174738,0.592960,0.592960,0.955005,0.947083,0.590720,0.960116,0.948555,0.599800,0.948116,0.951097,0.958446,0.950495,616,740,1.000000,1,1
295,60.170000,1.143540,0.189944,0.617400,0.617080,0.949050,0.955928,0.615160,0.950322,0.954231,0.624440,0.939402,0.957495,0.949142,0.956516,785,666,1.000000,1,1
296,58.260000,1.185247,0.250945,0.621640,0.622400,0.930591,0.971812,0.618720,0.935738,0.971409,0.631600,0.922039,0.977114,0.933852,0.974027,1028,387,1.000000,1,1
297,60.260000,1.149561,0.178933,0.583640,0.582280,0.958371,0.960548,0.582160,0.960423,0.962407,0.592400,0.947063,0.965712,0.959084,0.963509,597,530,1.000000,1,1
298,59.970000,1.147104,0.188217,0.595000,0.588920,0.950010,0.934211,0.592880,0.952368,0.942827,0.598720,0.941609,0.941357,0.951193,0.945031,726,823,1.000000,1,1
299,60.260000,1.140733,0.241810,0.673520,0.670440,0.939383,0.964531,0.669440,0.941862,0.965633,0.681440,0.930324,0.970902,0.939601,0.969186,1017,503,1.000000,1,1
300,59.980000,1.139920,0.203436,0.585640,0.581400,0.953973,0.940706,0.582480,0.955295,0.943758,0.595160,0.940184,0.949050,0.952326,0.945929,698,797,1.000000,1,1
301,60.140000,1.137816,0.191560,0.625680,0.622400,0.952892,0.969592,0.623000,0.953066,0.970704,0.633080,0.943451,0.976458,0.951669,0.973450,756,406,1.000000,1,1
302,60.540000,1.133031,0.168089,0.609720,0.606720,0.966838,0.954753,0.607800,0.968674,0.958268,0.616840,0.957915,0.961719,0.967395,0.960026,497,614,1.000000,1,1
303,59.940000,1.154134,0.240671,0.614840,0.615920,0.927068,0.972676,0.612400,0.932724,0.973017,0.622840,0.920236,0.976356,0.929868,0.973903,1078,383,1.000000,1,1
304,58.470000,1.190279,0.218076,0.597840,0.596040,0.943762,0.944586,0.595240,0.945434,0.944989,0.605480,0.933210,0.948818,0.943463,0.947139,845,787,1.000000,1,1
305,59.040000,1.173497,0.222674,0.650160,0.647640,0.936137,0.971105,0.646560,0.938382,0.971809,0.657480,0.927116,0.976358,0.935954,0.974692,1041,395,1.000000,1,1
306,60.100000,1.148820,0.189877,0.634560,0.628120,0.958097,0.957792,0.632000,0.961203,0.966832,0.643000,0.949549,0.971734,0.959468,0.968997,643,487,1.000000,1,1
307,59.040000,1.163157,0.198277,0.658160,0.656440,0.962586,0.972243,0.654480,0.966141,0.972920,0.667440,0.953434,0.979136,0.964082,0.976305,591,385,1.000000,1,1
308,58.790000,1.181951,0.236046,0.622600,0.622200,0.943298,0.963301,0.619760,0.947722,0.964023,0.631640,0.933443,0.967700,0.945969,0.966649,841,508,1.000000,1,1
309,59.750000,1.142771,0.203434,0.635560,0.636840,0.954023,0.961816,0.633040,0.957538,0.959600,0.644960,0.943872,0.963716,0.955818,0.961689,702,605,1.000000,1,1
310,58.560000,1.180240,0.190562,0.599440,0.598840,0.954245,0.953926,0.596080,0.958126,0.953392,0.606600,0.945401,0.957332,0.955625,0.956263,665,655,1.000000,1,1
311,60.380000,1.144297,0.212195,0.571160,0.569400,0.936776,0.967145,0.568520,0.938718,0.967653,0.582720,0.921060,0.973165,0.936970,0.970337,900,409,1.000000,1,1
312,58.980000,1.168297,0.180628,0.577360,0.579280,0.958776,0.934388,0.575120,0.962929,0.931696,0.585120,0.950779,0.935935,0.961411,0.933849,557,983,1.000000,1,1
313,59.490000,1.160076,0.204098,0.603640,0.603280,0.947089,0.975950,0.600160,0.950013,0.973900,0.614040,0.935314,0.981006,0.947452,0.976906,793,338,1.000000,1,1
314,58.070000,1.191828,0.236269,0.589760,0.591760,0.928687,0.950401,0.586960,0.931716,0.945766,0.600840,0.917515,0.953376,0.929598,0.948118,1038,750,1.000000,1,1
315,58.810000,1.171741,0.238191,0.591400,0.586280,0.938255,0.955531,0.588400,0.938273,0.959005,0.601680,0.922018,0.963660,0.936557,0.962132,938,545,1.000000,1,1
316,60.020000,1.145229,0.221559,0.589600,0.582640,0.934848,0.949847,0.585880,0.938691,0.959054,0.601920,0.922448,0.968262,0.936296,0.962681,939,535,1.000000,1,1
317,59.810000,1.142945,0.217893,0.642360,0.642280,0.945071,0.978780,0.639120,0.948116,0.977103,0.650880,0.937008,0.983424,0.946447,0.980328,860,305,1.000000,1,1
318,60.910000,1.119412,0.250039,0.609000,0.607080,0.925611,0.957992,0.606320,0.927365,0.958606,0.618720,0.912464,0.962493,0.925649,0.961061,1132,571,1.000000,1,1
319,59.550000,1.158539,0.241078,0.650880,0.648200,0.944215,0.979828,0.647960,0.945861,0.981173,0.658480,0.935913,0.986616,0.944506,0.984183,903,247,1.000000,1,1
320,60.070000,1.155977,0.160777,0.631320,0.628960,0.974625,0.964322,0.627760,0.976679,0.964510,0.641160,0.963129,0.971432,0.974276,0.967594,406,515,1.000000,1,1
321,59.380000,1.181391,0.166648,0.616120,0.614680,0.974881,0.963532,0.614680,0.974100,0.962760,0.625320,0.962899,0.968163,0.973901,0.964819,402,547,1.000000,1,1
322,61.230000,1.122238,0.187613,0.613040,0.607120,0.963104,0.964248,0.610560,0.965278,0.971900,0.620400,0.954610,0.976649,0.963918,0.974472,553,387,1.000000,1,1
323,60.530000,1.134384,0.185917,0.648200,0.648040,0.951238,0.978849,0.646080,0.953504,0.978214,0.657040,0.942530,0.983359,0.952299,0.980183,773,312,1.000000,1,1
324,58.810000,1.169851,0.219327,0.589520,0.589280,0.950041,0.943890,0.586600,0.953836,0.943350,0.595600,0.943251,0.947194,0.951418,0.945643,716,806,1.000000,1,1
325,59.460000,1.162666,0.144400,0.649840,0.648640,0.981315,0.969595,0.647760,0.982648,0.969595,0.655920,0.974326,0.973495,0.981657,0.971728,298,464,1.000000,1,1
326,59.320000,1.140457,0.186920,0.593040,0.590600,0.957535,0.947587,0.590840,0.960057,0.950469,0.599200,0.949399,0.953217,0.958856,0.952815,610,704,1.000000,1,1
327,58.330000,1.200450,0.165085,0.606800,0.605080,0.963046,0.955404,0.604160,0.965440,0.956322,0.616840,0.952273,0.963077,0.963678,0.958749,551,629,1.000000,1,1
328,60.130000,1.138011,0.249153,0.605360,0.604640,0.925972,0.932387,0.601600,0.931051,0.932787,0.615160,0.916119,0.938516,0.928505,0.936051,1082,960,1.000000,1,1
329,60.730000,1.130599,0.188673,0.606240,0.600760,0.951661,0.969938,0.605560,0.951582,0.977606,0.612480,0.942202,0.979031,0.951306,0.978420,738,318,1.000000,1,1
330,59.670000,1.147695,0.175301,0.617760,0.617680,0.958749,0.950257,0.615880,0.961681,0.950385,0.624480,0.951448,0.953402,0.960243,0.951861,614,750,1.000000,1,1
331,60.400000,1.141403,0.203071,0.623680,0.623240,0.953212,0.965670,0.620800,0.957152,0.965865,0.630840,0.944518,0.968531,0.954785,0.967945,705,493,1.000000,1,1
332,59.680000,1.174153,0.210764,0.629400,0.627280,0.953131,0.953983,0.626840,0.956672,0.956855,0.634720,0.943534,0.955578,0.954623,0.958706,714,647,1.000000,1,1
333,59.510000,1.169166,0.237578,0.629280,0.629960,0.928186,0.971167,0.625800,0.933397,0.970170,0.639440,0.917866,0.974821,0.930142,0.972163,1099,419,1.000000,1,1
334,58.270000,1.187431,0.238535,0.632920,0.628800,0.932506,0.971567,0.629880,0.933765,0.974549,0.641040,0.922813,0.980183,0.931871,0.977267,1078,343,1.000000,1,1
335,59.160000,1.170922,0.217063,0.602240,0.598920,0.939758,0.966415,0.598400,0.943048,0.968956,0.612400,0.927825,0.975618,0.940422,0.972459,897,401,1.000000,1,1
336,60.510000,1.136916,0.176161,0.608000,0.607840,0.960253,0.973319,0.606040,0.961257,0.971451,0.615400,0.950341,0.975253,0.960066,0.973386,607,399,1.000000,1,1
337,60.180000,1.137380,0.185436,0.611120,0.605800,0.963882,0.963946,0.609040,0.965191,0.970417,0.617480,0.955367,0.973851,0.963477,0.972002,558,424,1.000000,1,1
338,60.100000,1.147689,0.193126,0.587800,0.587000,0.945963,0.942558,0.585720,0.948508,0.943034,0.594440,0.937084,0.945546,0.946444,0.944324,787,820,1.000000,1,1
339,60.720000,1.118627,0.231974,0.578960,0.578840,0.922466,0.958704,0.576360,0.925671,0.957914,0.587480,0.912576,0.962583,0.923380,0.959853,1109,559,1.000000,1,1
340,61.120000,1.111083,0.154682,0.633360,0.633440,0.970447,0.978355,0.631600,0.972324,0.977400,0.640440,0.962151,0.980710,0.971454,0.979246,452,326,1.000000,1,1
341,60.420000,1.135832,0.242121,0.599360,0.599960,0.953264,0.977975,0.596040,0.957318,0.975718,0.609040,0.942795,0.981874,0.954885,0.978659,676,312,1.000000,1,1
342,59.720000,1.135437,0.225309,0.629520,0.629680,0.938508,0.963606,0.626520,0.941646,0.961975,0.638000,0.930596,0.968106,0.938938,0.963801,961,555,1.000000,1,1
343,59.330000,1.170377,0.145675,0.622080,0.620120,0.973812,0.955023,0.619600,0.976630,0.956984,0.629680,0.964363,0.960337,0.974408,0.958629,398,654,1.000000,1,1
344,59.460000,1.158848,0.189376,0.597560,0.597120,0.952572,0.956674,0.594480,0.956803,0.956674,0.608120,0.940209,0.961652,0.954548,0.959365,679,604,1.000000,1,1
345,60.060000,1.154305,0.151342,0.604840,0.602640,0.973251,0.964164,0.602320,0.975760,0.966136,0.612440,0.964862,0.971397,0.974539,0.968964,385,472,1.000000,1,1
346,60.020000,1.150143,0.192551,0.636880,0.637280,0.949473,0.967942,0.635520,0.952291,0.968134,0.643000,0.944883,0.971909,0.951639,0.969542,770,476,1.000000,1,1
347,59.840000,1.155666,0.184857,0.608200,0.608520,0.944653,0.949709,0.604680,0.947807,0.946868,0.620120,0.932465,0.955326,0.945610,0.950172,827,754,1.000000,1,1
348,60.800000,1.131053,0.223800,0.596720,0.597160,0.926251,0.968347,0.594120,0.930654,0.967997,0.605360,0.916612,0.971429,0.928610,0.970098,1065,427,1.000000,1,1
349,59.370000,1.159514,0.228318,0.595040,0.592000,0.930000,0.970389,0.591760,0.934974,0.975183,0.603840,0.921436,0.980682,0.932240,0.977721,1008,316,1.000000,1,1
350,60.450000,1.158889,0.154159,0.608280,0.609680,0.955386,0.945339,0.605640,0.960571,0.944170,0.618920,0.944742,0.948974,0.958637,0.946378,629,826,1.000000,1,1
351,59.510000,1.155429,0.169068,0.587360,0.588080,0.959393,0.968750,0.584840,0.962383,0.966415,0.596800,0.948660,0.972115,0.960501,0.968681,580,456,1.000000,1,1
352,60.850000,1.118849,0.239609,0.599960,0.599400,0.927394,0.959738,0.596080,0.932291,0.959461,0.611400,0.913248,0.964019,0.928462,0.961740,1073,554,1.000000,1,1
353,58.970000,1.159318,0.180405,0.591640,0.589960,0.950573,0.960011,0.589120,0.952743,0.960833,0.601440,0.938082,0.965831,0.950848,0.963024,727,540,1.000000,1,1
354,59.110000,1.167083,0.158427,0.575600,0.574640,0.971600,0.950300,0.573480,0.974123,0.950844,0.583680,0.960047,0.953772,0.972272,0.952546,399,697,1.000000,1,1
355,60.440000,1.139589,0.181831,0.609480,0.610680,0.950088,0.967258,0.607240,0.953758,0.965524,0.618480,0.939788,0.968992,0.951959,0.967258,732,491,1.000000,1,1
356,60.510000,1.133549,0.180264,0.621680,0.619200,0.965827,0.958889,0.619680,0.966241,0.960044,0.629040,0.955996,0.964212,0.965577,0.962481,535,585,1.000000,1,1
357,60.580000,1.139408,0.191302,0.618640,0.615720,0.945170,0.939615,0.616760,0.947662,0.943684,0.624400,0.938757,0.946396,0.946851,0.945750,822,840,1.000000,1,1
358,58.180000,1.198897,0.197770,0.589200,0.587360,0.941978,0.973536,0.586160,0.945134,0.974803,0.596480,0.934013,0.980293,0.942906,0.977548,841,319,1.000000,1,1
359,59.260000,1.175332,0.155212,0.576800,0.578120,0.970594,0.944774,0.575040,0.973219,0.942282,0.585640,0.958746,0.945380,0.971567,0.943561,410,838,1.000000,1,1
360,59.210000,1.159980,0.157684,0.618840,0.618480,0.959061,0.979458,0.615560,0.962376,0.978203,0.628000,0.947452,0.982497,0.960119,0.981110,617,286,1.000000,1,1
361,59.980000,1.164037,0.211226,0.641440,0.639800,0.937418,0.986447,0.638840,0.939077,0.986711,0.648880,0.927937,0.990329,0.937516,0.989079,1002,166,1.000000,1,1
362,58.880000,1.164788,0.179697,0.597840,0.595400,0.959624,0.960721,0.596120,0.961149,0.963411,0.603480,0.949493,0.963479,0.959186,0.964218,610,532,1.000000,1,1
363,58.370000,1.206834,0.182857,0.615480,0.614000,0.954593,0.961483,0.612560,0.957555,0.962205,0.624080,0.944430,0.966864,0.955287,0.964501,688,541,1.000000,1,1
364,59.960000,1.160332,0.146022,0.608440,0.605400,0.975884,0.950450,0.607720,0.979003,0.957143,0.614560,0.967912,0.956950,0.978502,0.957786,327,656,1.000000,1,1
365,57.610000,1.213040,0.181901,0.574200,0.573360,0.958281,0.961635,0.570960,0.962169,0.961495,0.583400,0.946658,0.966606,0.959039,0.963806,588,517,1.000000,1,1
366,59.040000,1.176146,0.181801,0.629760,0.630200,0.954110,0.962849,0.627840,0.955976,0.961120,0.636080,0.945416,0.962977,0.954903,0.962977,710,578,1.000000,1,1
367,59.050000,1.174983,0.220426,0.597880,0.598840,0.929464,0.960450,0.594560,0.934069,0.958310,0.610840,0.913496,0.962866,0.930019,0.959484,1046,587,1.000000,1,1
368,60.390000,1.136544,0.196790,0.634520,0.633040,0.946101,0.969252,0.631760,0.949221,0.970482,0.643360,0.934469,0.972941,0.946921,0.972359,842,427,1.000000,1,1
369,58.900000,1.167558,0.214605,0.619200,0.618320,0.938608,0.979015,0.616040,0.942536,0.979487,0.630040,0.926608,0.984818,0.940439,0.982321,922,262,1.000000,1,1
370,61.240000,1.116702,0.192574,0.639000,0.640600,0.945676,0.967114,0.636560,0.950924,0.966347,0.649440,0.937177,0.971648,0.948732,0.967816,819,504,1.000000,1,1
371,61.410000,1.111012,0.215168,0.633080,0.630000,0.943238,0.952308,0.629800,0.945316,0.954103,0.641160,0.933308,0.958974,0.943325,0.957051,897,670,1.000000,1,1
372,59.110000,1.173789,0.223236,0.576000,0.574720,0.924137,0.944650,0.572480,0.925797,0.942658,0.584200,0.911743,0.947353,0.922917,0.945504,1110,766,1.000000,1,1
373,59.610000,1.171298,0.229993,0.646400,0.646440,0.950931,0.975622,0.643760,0.954144,0.974860,0.656440,0.939857,0.979177,0.952290,0.976955,771,363,1.000000,1,1
374,60.040000,1.149629,0.182031,0.637200,0.636720,0.955522,0.961198,0.635080,0.957360,0.960566,0.644160,0.947094,0.963852,0.955807,0.962209,704,598,1.000000,1,1
375,60.360000,1.144626,0.198506,0.608000,0.608240,0.943772,0.969138,0.605240,0.945939,0.966572,0.614480,0.935425,0.970421,0.944079,0.969071,850,458,1.000000,1,1
376,58.760000,1.169507,0.198888,0.612000,0.615600,0.943210,0.950249,0.609520,0.948025,0.945666,0.619240,0.934500,0.947041,0.945359,0.946845,836,812,1.000000,1,1
377,59.090000,1.187531,0.148029,0.604560,0.603240,0.977190,0.954469,0.602120,0.977945,0.953433,0.609640,0.969818,0.957319,0.976446,0.955829,356,682,1.000000,1,1
378,57.800000,1.215349,0.169825,0.586640,0.587640,0.953577,0.959258,0.583480,0.957976,0.956861,0.594680,0.942961,0.959942,0.955203,0.959258,657,595,1.000000,1,1
379,60.360000,1.133384,0.185307,0.594040,0.592440,0.957532,0.971902,0.591800,0.958635,0.971971,0.600800,0.947870,0.975672,0.956905,0.973890,640,381,1.000000,1,1
380,58.040000,1.174554,0.212273,0.560280,0.561240,0.935643,0.955180,0.556760,0.940010,0.951979,0.566720,0.928007,0.956636,0.938102,0.956054,867,604,1.000000,1,1
381,60.120000,1.141969,0.153132,0.615480,0.615000,0.965268,0.946010,0.612640,0.968268,0.945309,0.623520,0.957467,0.951364,0.966400,0.947858,517,818,1.000000,1,1
382,58.870000,1.180824,0.184966,0.611840,0.604600,0.952564,0.954268,0.610320,0.952091,0.962818,0.616160,0.944625,0.964409,0.950314,0.963415,760,552,1.000000,1,1
383,60.570000,1.141906,0.162325,0.586600,0.587960,0.959181,0.955476,0.584640,0.961617,0.952494,0.593240,0.951318,0.956153,0.960382,0.954459,581,672,1.000000,1,1
384,59.670000,1.168466,0.190884,0.661480,0.657160,0.946984,0.961320,0.656880,0.950615,0.964595,0.671920,0.936183,0.971700,0.947754,0.968426,864,511,1.000000,1,1
385,59.940000,1.149729,0.158716,0.652440,0.653560,0.964992,0.991386,0.650800,0.966810,0.989059,0.661080,0.955648,0.993084,0.965790,0.990506,558,151,1.000000,1,1
386,60.580000,1.134955,0.213909,0.593320,0.592280,0.937935,0.967940,0.590520,0.942153,0.969403,0.603440,0.927615,0.975328,0.939796,0.971564,893,408,1.000000,1,1
387,58.410000,1.189397,0.166218,0.608520,0.606400,0.957520,0.972401,0.607400,0.960421,0.976956,0.615680,0.948870,0.978363,0.958785,0.977090,627,342,1.000000,1,1
388,60.440000,1.141901,0.159017,0.638360,0.636000,0.967044,0.978117,0.634920,0.970327,0.979771,0.646720,0.957199,0.984478,0.968356,0.983079,505,266,1.000000,1,1
389,58.900000,1.172575,0.166113,0.601280,0.602720,0.963300,0.969476,0.598960,0.966208,0.966337,0.609600,0.954396,0.971480,0.965075,0.968942,525,465,1.000000,1,1
390,59.520000,1.168977,0.210498,0.612720,0.607880,0.949398,0.965213,0.610600,0.950606,0.970765,0.620840,0.936409,0.972304,0.949406,0.972906,775,405,1.000000,1,1
391,59.960000,1.154519,0.232108,0.568840,0.563800,0.917843,0.940736,0.565400,0.921825,0.947499,0.577960,0.906983,0.952952,0.918571,0.949898,1158,689,1.000000,1,1
392,59.240000,1.171235,0.177946,0.641760,0.641440,0.953667,0.975070,0.639080,0.955937,0.973795,0.647880,0.945792,0.976728,0.953877,0.975771,740,380,1.000000,1,1
393,59.790000,1.143060,0.181886,0.615360,0.616960,0.952541,0.973238,0.613000,0.956868,0.971383,0.624680,0.941474,0.973967,0.954823,0.973039,695,407,1.000000,1,1
394,60.570000,1.137072,0.138903,0.606160,0.603600,0.975547,0.976453,0.605840,0.976231,0.980764,0.610560,0.964950,0.976983,0.975452,0.980499,372,294,1.000000,1,1
395,59.460000,1.160206,0.218313,0.597240,0.597600,0.926372,0.965671,0.595320,0.929181,0.964904,0.606440,0.916826,0.969858,0.927198,0.965950,1087,488,1.000000,1,1
396,58.510000,1.177338,0.161207,0.605040,0.606000,0.962772,0.977090,0.601960,0.965646,0.973473,0.613600,0.952542,0.978832,0.963573,0.976353,551,353,1.000000,1,1
397,59.360000,1.156917,0.166399,0.611080,0.613120,0.953353,0.957100,0.608560,0.957802,0.954414,0.618360,0.944110,0.955921,0.955423,0.955986,681,672,1.000000,1,1
398,58.970000,1.161817,0.207766,0.615600,0.611080,0.942528,0.959933,0.612960,0.946293,0.966733,0.622520,0.933496,0.968533,0.943860,0.968400,864,474,1.000000,1,1
399,59.640000,1.157619,0.215350,0.626240,0.625920,0.935391,0.978933,0.623840,0.937484,0.977862,0.637000,0.922575,0.982611,0.935105,0.979133,1016,312,1.000000,1,1
400,58.280000,1.216122,0.148772,0.625760,0.621560,0.964734,0.957524,0.624440,0.967779,0.964997,0.630120,0.955247,0.961165,0.966121,0.965381,530,542,1.000000,1,1
401,58.910000,1.177530,0.191355,0.647280,0.648680,0.945366,0.982001,0.644680,0.948440,0.979119,0.656120,0.934097,0.981425,0.946175,0.980720,871,301,1.000000,1,1
402,59.510000,1.156503,0.193401,0.589800,0.589760,0.943231,0.945797,0.586640,0.946066,0.943621,0.598080,0.932986,0.948721,0.943642,0.946273,831,790,1.000000,1,1
403,59.830000,1.158695,0.219579,0.597440,0.597680,0.927051,0.941800,0.593160,0.931755,0.939421,0.604640,0.918828,0.944316,0.928830,0.943228,1063,835,1.000000,1,1
404,59.720000,1.164207,0.201370,0.616240,0.615800,0.950244,0.959908,0.615440,0.951254,0.960367,0.623360,0.942441,0.963714,0.951642,0.962008,745,579,1.000000,1,1
405,60.140000,1.153053,0.192957,0.605040,0.599920,0.947260,0.938871,0.602520,0.950873,0.946537,0.614520,0.936991,0.951295,0.948962,0.948586,772,778,1.000000,1,1
406,60.950000,1.133388,0.217852,0.613840,0.613160,0.932938,0.948342,0.611600,0.932440,0.945424,0.621880,0.920242,0.948740,0.930796,0.947215,1062,796,1.000000,1,1
407,60.150000,1.141725,0.208611,0.604800,0.604400,0.948445,0.988072,0.602920,0.950441,0.987728,0.613400,0.938898,0.992692,0.949206,0.989520,768,152,1.000000,1,1
408,58.590000,1.193422,0.150181,0.578720,0.579600,0.969151,0.944004,0.575960,0.973054,0.941853,0.585440,0.959552,0.944071,0.970901,0.944273,421,829,1.000000,1,1
409,59.170000,1.190738,0.168032,0.593120,0.591200,0.958593,0.974415,0.591080,0.960750,0.976410,0.599160,0.947927,0.976547,0.959064,0.978061,607,319,1.000000,1,1
410,60.030000,1.156370,0.185485,0.665520,0.663960,0.948551,0.979898,0.663120,0.950416,0.980583,0.673480,0.938588,0.983508,0.948071,0.981703,864,294,1.000000,1,1
411,61.720000,1.100169,0.191998,0.603760,0.601920,0.948166,0.972730,0.601800,0.948089,0.972457,0.608880,0.940152,0.975661,0.946668,0.974161,805,379,1.000000,1,1
412,60.820000,1.128457,0.186622,0.628000,0.627000,0.961978,0.950996,0.625760,0.962094,0.949231,0.633960,0.955328,0.954907,0.962166,0.952699,594,750,1.000000,1,1
413,59.460000,1.152165,0.206620,0.596440,0.595600,0.935326,0.934196,0.595160,0.939512,0.937684,0.602160,0.924738,0.933794,0.937697,0.937886,929,926,1.000000,1,1
414,60.470000,1.150427,0.143231,0.601400,0.600960,0.972045,0.979083,0.598520,0.976007,0.979083,0.612120,0.960792,0.985720,0.974127,0.981899,389,270,1.000000,1,1
415,61.700000,1.119852,0.203526,0.620560,0.621960,0.947135,0.980232,0.618800,0.949968,0.978168,0.629640,0.936789,0.981496,0.948885,0.979832,793,303,1.000000,1,1
416,59.030000,1.162191,0.194300,0.577920,0.576080,0.953479,0.978341,0.575200,0.954937,0.978341,0.587200,0.939305,0.982402,0.952450,0.980408,687,275,1.000000,1,1
417,61.040000,1.119879,0.182304,0.646120,0.645200,0.957781,0.967982,0.643240,0.960077,0.967356,0.653120,0.949412,0.971303,0.958150,0.969737,676,483,1.000000,1,1
418,59.920000,1.145706,0.197693,0.567600,0.564840,0.943559,0.975974,0.564320,0.945563,0.977146,0.576440,0.929568,0.981248,0.943481,0.980662,802,264,1.000000,1,1
419,60.610000,1.129776,0.201460,0.632400,0.632800,0.950948,0.969580,0.631400,0.950713,0.967195,0.638240,0.943532,0.970289,0.950727,0.968742,779,485,1.000000,1,1
420,59.540000,1.171934,0.171463,0.616640,0.615840,0.950896,0.965444,0.614720,0.953084,0.965906,0.625840,0.939282,0.969137,0.951544,0.967357,747,495,1.000000,1,1
421,60.820000,1.126257,0.140688,0.605920,0.603080,0.973735,0.956043,0.604160,0.974841,0.958843,0.614320,0.962951,0.963076,0.973792,0.960602,397,605,1.000000,1,1
422,57.510000,1.219409,0.158387,0.607440,0.604960,0.961650,0.961905,0.605000,0.963769,0.964087,0.614280,0.952725,0.967659,0.962663,0.966865,567,501,1.000000,1,1
423,60.360000,1.146095,0.174024,0.619520,0.617520,0.949540,0.953617,0.617200,0.951717,0.955308,0.627320,0.938150,0.957130,0.950478,0.957650,767,651,1.000000,1,1
424,58.890000,1.181680,0.228255,0.585120,0.580200,0.922096,0.968641,0.581960,0.924737,0.974363,0.594440,0.908485,0.977767,0.921794,0.976535,1144,324,1.000000,1,1
425,60.080000,1.149893,0.168970,0.630200,0.629880,0.957198,0.967707,0.627760,0.961705,0.968991,0.639320,0.946944,0.971687,0.959505,0.970532,638,459,1.000000,1,1
426,59.430000,1.179521,0.121977,0.640840,0.639400,0.978417,0.960452,0.639000,0.980720,0.962110,0.649680,0.967861,0.965365,0.979527,0.963707,328,591,1.000000,1,1
427,60.110000,1.142910,0.159490,0.629760,0.627000,0.961722,0.962890,0.627640,0.963419,0.965572,0.636160,0.954225,0.969341,0.962652,0.968063,588,500,1.000000,1,1
428,60.560000,1.134739,0.172782,0.620800,0.618880,0.955274,0.974163,0.618160,0.957940,0.975745,0.629960,0.944568,0.980490,0.956186,0.978118,680,332,1.000000,1,1
429,59.680000,1.167922,0.183584,0.631080,0.629440,0.950051,0.979942,0.629200,0.950540,0.980073,0.637960,0.940435,0.983154,0.949800,0.982236,792,271,1.000000,1,1
430,60.020000,1.139117,0.163023,0.631320,0.628840,0.957382,0.986304,0.628760,0.960430,0.989318,0.638520,0.948443,0.992136,0.958690,0.991547,652,129,1.000000,1,1
431,61.670000,1.111167,0.221899,0.614360,0.612960,0.928870,0.964625,0.612080,0.929944,0.964353,0.622200,0.917004,0.966658,0.928120,0.966048,1104,501,1.000000,1,1
432,60.370000,1.138190,0.190182,0.630120,0.624040,0.952247,0.948417,0.627360,0.954731,0.955950,0.637600,0.943036,0.959653,0.953025,0.958440,740,651,1.000000,1,1
433,59.470000,1.156784,0.166449,0.623240,0.621960,0.962441,0.959049,0.621520,0.964796,0.960715,0.629080,0.954600,0.962125,0.963802,0.962381,564,587,1.000000,1,1
434,61.980000,1.093922,0.165672,0.586840,0.584720,0.959434,0.955121,0.585200,0.962269,0.958731,0.594680,0.948073,0.959888,0.961489,0.960637,565,578,1.000000,1,1
435,61.100000,1.119110,0.177470,0.559000,0.558920,0.951335,0.951403,0.556480,0.953925,0.949828,0.567800,0.937865,0.952834,0.951127,0.951331,683,680,1.000000,1,1
436,60.480000,1.139588,0.175168,0.607200,0.607000,0.948929,0.966702,0.604640,0.952170,0.966233,0.615880,0.938624,0.970193,0.950395,0.968515,753,469,1.000000,1,1
437,58.800000,1.175802,0.160375,0.598360,0.594480,0.969923,0.977156,0.596640,0.972513,0.983324,0.605560,0.953894,0.978918,0.970252,0.983867,445,238,1.000000,1,1
438,60.470000,1.135133,0.181198,0.647160,0.646320,0.946095,0.953055,0.644480,0.948610,0.952868,0.653440,0.938235,0.955549,0.946659,0.954863,863,724,1.000000,1,1
439,59.610000,1.156961,0.208094,0.622680,0.620640,0.936775,0.976815,0.620360,0.940551,0.980309,0.631880,0.925302,0.982325,0.938267,0.981586,961,274,1.000000,1,1
440,57.350000,1.219211,0.212768,0.600520,0.598480,0.948135,0.950295,0.598480,0.949873,0.952036,0.608480,0.937549,0.955386,0.948112,0.953510,779,694,1.000000,1,1
441,60.460000,1.136949,0.178604,0.627560,0.626640,0.951615,0.966295,0.625320,0.953432,0.966101,0.635720,0.940351,0.968693,0.952005,0.968110,753,492,1.000000,1,1
442,59.450000,1.178064,0.144488,0.615200,0.615880,0.974151,0.965435,0.612920,0.976245,0.962860,0.620560,0.965579,0.964212,0.974837,0.965049,387,543,1.000000,1,1
443,60.460000,1.122329,0.224056,0.627440,0.624200,0.929830,0.974087,0.624120,0.933026,0.977309,0.637920,0.915852,0.980532,0.930001,0.979323,1098,308,1.000000,1,1
444,57.510000,1.220749,0.192080,0.633280,0.634720,0.934837,0.982124,0.631360,0.937342,0.979542,0.643160,0.922943,0.982521,0.935763,0.980866,1017,289,1.000000,1,1
445,61.540000,1.109808,0.180763,0.646720,0.646800,0.954360,0.947912,0.645960,0.956530,0.948833,0.650360,0.948890,0.947666,0.954973,0.948403,728,840,1.000000,1,1
446,61.460000,1.103654,0.162155,0.638880,0.634760,0.958536,0.941042,0.636160,0.961330,0.945867,0.646840,0.949354,0.949765,0.959492,0.948095,647,839,1.000000,1,1
447,58.910000,1.172370,0.177530,0.588400,0.587760,0.953042,0.973311,0.586080,0.956456,0.974006,0.594800,0.944385,0.976022,0.954793,0.976161,665,343,1.000000,1,1
448,58.680000,1.191065,0.197575,0.602920,0.603120,0.952845,0.963452,0.600560,0.957506,0.964056,0.609800,0.945687,0.966805,0.955550,0.965866,670,509,1.000000,1,1
449,62.020000,1.114568,0.160634,0.588480,0.587560,0.958608,0.979752,0.586520,0.959694,0.979126,0.594440,0.948119,0.980379,0.957926,0.980587,619,279,1.000000,1,1
450,60.060000,1.154685,0.206462,0.617400,0.614040,0.934271,0.952071,0.615600,0.934698,0.954926,0.624880,0.921649,0.955789,0.932945,0.955921,1035,664,1.000000,1,1
451,60.270000,1.150992,0.154990,0.616280,0.611440,0.959636,0.956009,0.614760,0.962912,0.964481,0.622680,0.952913,0.966762,0.961836,0.965785,588,525,1.000000,1,1
452,61.300000,1.124664,0.181896,0.633520,0.630760,0.946477,0.953796,0.631440,0.948245,0.956608,0.639560,0.936644,0.957055,0.946332,0.957822,850,660,1.000000,1,1
453,60.010000,1.134649,0.167237,0.609240,0.608440,0.954112,0.945349,0.607480,0.954961,0.944698,0.615480,0.943719,0.945870,0.953253,0.945740,712,833,1.000000,1,1
454,60.330000,1.144163,0.117241,0.618840,0.616600,0.977489,0.963920,0.616240,0.979943,0.965775,0.626880,0.968096,0.970573,0.978605,0.968526,331,492,1.000000,1,1
455,60.200000,1.145024,0.206551,0.618800,0.618080,0.932565,0.967634,0.616840,0.934959,0.968171,0.627400,0.921900,0.970991,0.933161,0.969380,1034,456,1.000000,1,1
456,60.050000,1.150745,0.173993,0.571560,0.569960,0.941961,0.982865,0.568960,0.946499,0.985867,0.581920,0.928650,0.989309,0.943873,0.987624,802,169,1.000000,1,1
457,59.930000,1.158844,0.202674,0.594200,0.593320,0.940268,0.969349,0.590960,0.945039,0.970392,0.603120,0.928571,0.973103,0.941972,0.972547,862,395,1.000000,1,1
458,61.010000,1.134778,0.169855,0.652400,0.648600,0.957817,0.955871,0.649840,0.956174,0.956056,0.660560,0.944895,0.960364,0.954261,0.957903,746,684,1.000000,1,1
459,59.560000,1.150434,0.190882,0.567640,0.568800,0.938608,0.952541,0.564320,0.941239,0.947688,0.574680,0.927542,0.951042,0.937989,0.949971,880,701,1.000000,1,1
460,60.490000,1.142154,0.204568,0.596440,0.596560,0.941397,0.973108,0.594560,0.941738,0.970197,0.604400,0.928921,0.972831,0.940380,0.971860,889,406,1.000000,1,1
461,59.900000,1.167149,0.190381,0.572200,0.573800,0.940676,0.955937,0.570120,0.942749,0.951899,0.581040,0.930814,0.957849,0.941559,0.954165,836,647,1.000000,1,1
462,59.890000,1.157369,0.167988,0.599640,0.600600,0.957043,0.963395,0.596680,0.960381,0.960445,0.608840,0.946915,0.966278,0.958442,0.963261,623,548,1.000000,1,1
463,61.150000,1.129955,0.218124,0.624720,0.624040,0.930838,0.966587,0.622120,0.932810,0.965655,0.632760,0.921866,0.970647,0.931041,0.967851,1077,483,1.000000,1,1
464,60.480000,1.133352,0.171620,0.597800,0.595320,0.948263,0.968501,0.595600,0.950369,0.971109,0.607480,0.936327,0.975844,0.948879,0.973168,764,391,1.000000,1,1
465,61.870000,1.115771,0.133601,0.626160,0.625760,0.975646,0.970435,0.625080,0.977219,0.970944,0.631920,0.968540,0.972851,0.976300,0.971707,371,445,1.000000,1,1
466,59.480000,1.158134,0.157263,0.627560,0.627560,0.964115,0.964422,0.624920,0.966460,0.962701,0.635840,0.954391,0.967292,0.964625,0.964932,555,550,1.000000,1,1
467,61.500000,1.112955,0.182562,0.590640,0.588880,0.950686,0.958630,0.587480,0.954177,0.959863,0.599120,0.938977,0.963288,0.951375,0.962192,718,552,1.000000,1,1
468,58.900000,1.174544,0.194400,0.620200,0.619040,0.933898,0.955128,0.617640,0.935367,0.954467,0.627400,0.924195,0.957970,0.933183,0.956186,1036,663,1.000000,1,1
469,60.610000,1.142262,0.169985,0.605480,0.604760,0.957074,0.961334,0.603160,0.959944,0.961666,0.614640,0.945659,0.965387,0.958380,0.963792,630,545,1.000000,1,1
470,60.110000,1.153607,0.189795,0.620080,0.619240,0.949163,0.964933,0.618000,0.952104,0.965984,0.623960,0.943394,0.966378,0.950264,0.967363,771,497,1.000000,1,1
471,61.010000,1.131082,0.173012,0.607560,0.606040,0.958353,0.963632,0.606360,0.960617,0.966419,0.613240,0.948340,0.964892,0.959049,0.966751,622,501,1.000000,1,1
472,60.860000,1.116091,0.160833,0.628040,0.629800,0.959987,0.970403,0.626560,0.963100,0.968541,0.634280,0.952828,0.970018,0.962168,0.969890,594,469,1.000000,1,1
473,60.280000,1.151749,0.193374,0.614840,0.606640,0.943162,0.949801,0.613080,0.944412,0.961155,0.622720,0.932297,0.963745,0.942814,0.962284,879,568,1.000000,1,1
474,59.070000,1.181912,0.202880,0.611640,0.607000,0.942537,0.984513,0.610280,0.943174,0.990501,0.620000,0.930258,0.992497,0.942319,0.991809,882,119,1.000000,1,1
475,59.160000,1.182169,0.175488,0.587480,0.586840,0.953718,0.973560,0.584960,0.955553,0.972307,0.596080,0.939337,0.973977,0.952815,0.973699,693,378,1.000000,1,1
476,60.690000,1.139017,0.160062,0.572400,0.569760,0.958439,0.939185,0.568960,0.960911,0.940286,0.581360,0.946746,0.946615,0.958840,0.943932,589,815,1.000000,1,1
477,59.360000,1.160872,0.152394,0.610080,0.610600,0.956633,0.953198,0.608000,0.959474,0.951958,0.617640,0.946700,0.954178,0.958169,0.953916,638,706,1.000000,1,1
478,59.320000,1.175513,0.191230,0.635720,0.635880,0.953954,0.989624,0.633440,0.956050,0.987993,0.643320,0.944662,0.991451,0.954760,0.990211,719,150,1.000000,1,1
479,61.510000,1.107332,0.171036,0.604480,0.602360,0.949797,0.956850,0.602320,0.950525,0.957519,0.610720,0.941053,0.961199,0.949378,0.959794,765,601,1.000000,1,1
480,61.140000,1.135117,0.191272,0.585040,0.585000,0.937436,0.954204,0.583880,0.937795,0.952742,0.592040,0.927640,0.955596,0.937167,0.953995,919,661,1.000000,1,1
481,59.650000,1.179551,0.187191,0.660440,0.662880,0.946838,0.961223,0.658400,0.950304,0.958221,0.667480,0.939773,0.960671,0.949064,0.959936,841,654,1.000000,1,1
482,59.670000,1.163835,0.229343,0.612440,0.607720,0.933193,0.951799,0.610120,0.934374,0.956767,0.620360,0.923657,0.961668,0.933447,0.959452,1019,604,1.000000,1,1
483,59.930000,1.152404,0.166843,0.622640,0.621960,0.947585,0.962252,0.622800,0.948683,0.964668,0.629600,0.939390,0.965648,0.948734,0.964472,798,544,1.000000,1,1
484,59.670000,1.163660,0.184406,0.651160,0.648480,0.950716,0.965727,0.650760,0.949352,0.967732,0.654560,0.942985,0.966855,0.949567,0.968546,821,502,1.000000,1,1
485,60.220000,1.149539,0.180163,0.601280,0.600640,0.957379,0.960963,0.599560,0.958770,0.960628,0.608640,0.946372,0.962567,0.956692,0.961297,651,579,1.000000,1,1
486,61.050000,1.123144,0.220267,0.560400,0.558120,0.937648,0.967678,0.557160,0.941058,0.969527,0.570280,0.920741,0.970932,0.937116,0.971080,881,391,1.000000,1,1
487,60.170000,1.146484,0.149732,0.598000,0.594720,0.957089,0.962788,0.596240,0.959412,0.967591,0.606440,0.945452,0.969824,0.958060,0.969080,627,457,1.000000,1,1
488,60.570000,1.136573,0.202220,0.644360,0.646880,0.936186,0.962614,0.641600,0.941895,0.960580,0.653200,0.928965,0.964522,0.938978,0.961724,983,602,1.000000,1,1
489,58.050000,1.193628,0.156371,0.613240,0.612720,0.960700,0.972509,0.610160,0.964075,0.971848,0.622280,0.949090,0.975747,0.962168,0.974822,580,381,1.000000,1,1
490,60.640000,1.146506,0.186650,0.623600,0.622240,0.952880,0.977255,0.622040,0.953315,0.977387,0.631120,0.942959,0.980881,0.952662,0.979167,738,316,1.000000,1,1
491,59.470000,1.171383,0.186079,0.564680,0.566840,0.927387,0.954810,0.563920,0.931976,0.954592,0.571680,0.918276,0.953502,0.930651,0.954519,979,626,1.000000,1,1
492,60.120000,1.149910,0.172691,0.574560,0.575440,0.959822,0.965324,0.573000,0.962862,0.964276,0.581080,0.952502,0.967352,0.962824,0.966862,534,474,1.000000,1,1
493,61.310000,1.122770,0.236497,0.589800,0.589840,0.915096,0.966896,0.588840,0.915291,0.965463,0.595160,0.906983,0.966968,0.914954,0.966681,1254,465,1.000000,1,1
494,60.560000,1.140289,0.122025,0.608760,0.608280,0.979023,0.985177,0.607720,0.980715,0.985971,0.613160,0.970774,0.984714,0.979696,0.986633,309,202,1.000000,1,1
495,60.810000,1.128917,0.231205,0.653960,0.654560,0.926974,0.962500,0.650400,0.931857,0.961421,0.666120,0.913409,0.965165,0.928252,0.962944,1173,584,1.000000,1,1
496,60.960000,1.133423,0.194959,0.607880,0.607320,0.933215,0.938593,0.604920,0.938041,0.939719,0.617480,0.919738,0.940514,0.934987,0.941243,988,887,1.000000,1,1
497,58.750000,1.179405,0.225425,0.631320,0.629840,0.929696,0.965633,0.628560,0.934008,0.968140,0.642680,0.912554,0.967150,0.930812,0.969063,1092,469,1.000000,1,1
498,60.300000,1.150861,0.211617,0.625280,0.623160,0.933436,0.972059,0.623160,0.936453,0.975201,0.635280,0.920917,0.977674,0.934749,0.976738,1020,348,1.000000,1,1
499,59.980000,1.147814,0.125813,0.649280,0.648880,0.978856,0.959572,0.648240,0.980439,0.960176,0.654160,0.972056,0.960660,0.979731,0.961022,329,645,1.000000,1,1
