epoch,global_acc,global_loss,selected_clients,net2_avg_acc,best_net2_client,best_net2_acc,best_net2_used,fedrn_clean_ratio,fedrn_precision,fedrn_recall,bestnet2_clean_ratio,bestnet2_precision,bestnet2_recall,final_clean_ratio,final_precision,final_recall,missed_clean,false_clean,net1_train_loss,net2_train_loss
0,16.900000,2.291250,37|22|80|52|53|54|31|63|19|35,-1.000000,-1,-1.000000,0,-1.000000,-1.000000,-1.000000,-1.000000,-1.000000,-1.000000,-1.000000,-1.000000,-1.000000,-1,-1,1.594303,-1.000000
1,17.940000,2.231262,67|27|65|46|16|91|59|74|57|3,-1.000000,-1,-1.000000,0,-1.000000,-1.000000,-1.000000,-1.000000,-1.000000,-1.000000,-1.000000,-1.000000,-1.000000,-1,-1,1.620990,-1.000000
2,16.180000,2.260830,12|91|72|58|1|28|90|98|20|2,-1.000000,-1,-1.000000,0,-1.000000,-1.000000,-1.000000,-1.000000,-1.000000,-1.000000,-1.000000,-1.000000,-1.000000,-1,-1,1.445923,-1.000000
3,20.880000,2.179780,66|38|70|35|12|33|60|93|26|43,-1.000000,-1,-1.000000,0,-1.000000,-1.000000,-1.000000,-1.000000,-1.000000,-1.000000,-1.000000,-1.000000,-1.000000,-1,-1,1.582771,-1.000000
4,23.000000,2.168655,37|67|55|63|29|24|25|42|81|96,-1.000000,-1,-1.000000,0,-1.000000,-1.000000,-1.000000,-1.000000,-1.000000,-1.000000,-1.000000,-1.000000,-1.000000,-1,-1,1.665567,-1.000000
5,25.020000,2.157191,91|82|90|77|99|45|37|35|61|65,-1.000000,-1,-1.000000,0,-1.000000,-1.000000,-1.000000,-1.000000,-1.000000,-1.000000,-1.000000,-1.000000,-1.000000,-1,-1,1.896946,-1.000000
6,21.950000,2.144751,6|52|79|65|54|35|32|61|31|82,-1.000000,-1,-1.000000,0,-1.000000,-1.000000,-1.000000,-1.000000,-1.000000,-1.000000,-1.000000,-1.000000,-1.000000,-1,-1,1.581038,-1.000000
7,24.450000,2.112193,79|8|33|47|83|59|75|2|3|70,-1.000000,-1,-1.000000,0,-1.000000,-1.000000,-1.000000,-1.000000,-1.000000,-1.000000,-1.000000,-1.000000,-1.000000,-1,-1,1.409134,-1.000000
8,28.680000,2.094739,6|1|79|4|9|59|21|15|86|27,-1.000000,-1,-1.000000,0,-1.000000,-1.000000,-1.000000,-1.000000,-1.000000,-1.000000,-1.000000,-1.000000,-1.000000,-1,-1,1.129698,-1.000000
9,20.910000,2.088092,49|97|5|72|87|2|74|9|92|75,-1.000000,-1,-1.000000,0,-1.000000,-1.000000,-1.000000,-1.000000,-1.000000,-1.000000,-1.000000,-1.000000,-1.000000,-1,-1,1.534940,-1.000000
10,19.320000,2.161912,1|75|80|42|78|79|82|38|45|8,-1.000000,-1,-1.000000,0,-1.000000,-1.000000,-1.000000,-1.000000,-1.000000,-1.000000,-1.000000,-1.000000,-1.000000,-1,-1,1.579195,-1.000000
11,21.520000,2.125177,1|90|82|40|18|96|86|12|39|51,-1.000000,-1,-1.000000,0,-1.000000,-1.000000,-1.000000,-1.000000,-1.000000,-1.000000,-1.000000,-1.000000,-1.000000,-1,-1,1.535329,-1.000000
12,26.980000,2.063587,32|70|51|84|49|46|48|89|5|92,-1.000000,-1,-1.000000,0,-1.000000,-1.000000,-1.000000,-1.000000,-1.000000,-1.000000,-1.000000,-1.000000,-1.000000,-1,-1,1.695570,-1.000000
13,23.700000,2.082981,93|14|52|48|12|40|20|18|92|74,-1.000000,-1,-1.000000,0,-1.000000,-1.000000,-1.000000,-1.000000,-1.000000,-1.000000,-1.000000,-1.000000,-1.000000,-1,-1,1.473832,-1.000000
14,25.750000,2.031861,30|62|8|19|74|82|16|55|5|26,-1.000000,-1,-1.000000,0,-1.000000,-1.000000,-1.000000,-1.000000,-1.000000,-1.000000,-1.000000,-1.000000,-1.000000,-1,-1,1.307047,-1.000000
15,23.260000,2.067697,64|24|17|3|57|86|11|95|71|32,-1.000000,-1,-1.000000,0,-1.000000,-1.000000,-1.000000,-1.000000,-1.000000,-1.000000,-1.000000,-1.000000,-1.000000,-1,-1,1.457776,-1.000000
16,32.270000,1.999185,9|65|16|10|38|19|61|8|77|70,-1.000000,-1,-1.000000,0,-1.000000,-1.000000,-1.000000,-1.000000,-1.000000,-1.000000,-1.000000,-1.000000,-1.000000,-1,-1,1.279708,-1.000000
17,30.750000,1.991322,21|42|93|50|38|5|47|96|71|92,-1.000000,-1,-1.000000,0,-1.000000,-1.000000,-1.000000,-1.000000,-1.000000,-1.000000,-1.000000,-1.000000,-1.000000,-1,-1,1.624566,-1.000000
18,26.270000,2.038769,19|25|89|96|76|80|73|5|45|84,-1.000000,-1,-1.000000,0,-1.000000,-1.000000,-1.000000,-1.000000,-1.000000,-1.000000,-1.000000,-1.000000,-1.000000,-1,-1,1.652182,-1.000000
19,27.160000,2.059063,11|62|67|84|6|64|68|48|72|89,-1.000000,-1,-1.000000,0,-1.000000,-1.000000,-1.000000,-1.000000,-1.000000,-1.000000,-1.000000,-1.000000,-1.000000,-1,-1,1.665498,-1.000000
20,29.510000,2.016093,7|14|1|80|28|66|65|59|97|15,-1.000000,-1,-1.000000,0,-1.000000,-1.000000,-1.000000,-1.000000,-1.000000,-1.000000,-1.000000,-1.000000,-1.000000,-1,-1,1.373030,-1.000000
21,32.880000,1.982748,13|36|55|64|69|46|61|15|42|56,-1.000000,-1,-1.000000,0,-1.000000,-1.000000,-1.000000,-1.000000,-1.000000,-1.000000,-1.000000,-1.000000,-1.000000,-1,-1,1.502552,-1.000000
22,25.290000,2.046267,80|58|31|72|93|84|18|42|8|7,-1.000000,-1,-1.000000,0,-1.000000,-1.000000,-1.000000,-1.000000,-1.000000,-1.000000,-1.000000,-1.000000,-1.000000,-1,-1,1.474511,-1.000000
23,26.810000,2.048196,74|90|65|48|81|22|15|64|2|38,-1.000000,-1,-1.000000,0,-1.000000,-1.000000,-1.000000,-1.000000,-1.000000,-1.000000,-1.000000,-1.000000,-1.000000,-1,-1,1.491776,-1.000000
24,28.130000,2.028115,64|73|12|10|23|19|81|70|48|93,-1.000000,-1,-1.000000,0,-1.000000,-1.000000,-1.000000,-1.000000,-1.000000,-1.000000,-1.000000,-1.000000,-1.000000,-1,-1,1.481264,-1.000000
25,28.140000,2.010827,14|76|63|80|1|35|17|33|22|68,-1.000000,-1,-1.000000,0,-1.000000,-1.000000,-1.000000,-1.000000,-1.000000,-1.000000,-1.000000,-1.000000,-1.000000,-1,-1,1.348962,-1.000000
26,28.700000,2.007892,38|69|39|81|1|42|82|40|20|36,-1.000000,-1,-1.000000,0,-1.000000,-1.000000,-1.000000,-1.000000,-1.000000,-1.000000,-1.000000,-1.000000,-1.000000,-1,-1,1.475974,-1.000000
27,29.420000,1.988301,96|15|5|28|55|1|47|65|34|73,-1.000000,-1,-1.000000,0,-1.000000,-1.000000,-1.000000,-1.000000,-1.000000,-1.000000,-1.000000,-1.000000,-1.000000,-1,-1,1.350997,-1.000000
28,30.410000,1.992069,90|25|58|76|6|87|42|72|34|18,-1.000000,-1,-1.000000,0,-1.000000,-1.000000,-1.000000,-1.000000,-1.000000,-1.000000,-1.000000,-1.000000,-1.000000,-1,-1,1.510438,-1.000000
29,28.930000,2.007487,20|70|60|57|11|99|25|48|15|29,-1.000000,-1,-1.000000,0,-1.000000,-1.000000,-1.000000,-1.000000,-1.000000,-1.000000,-1.000000,-1.000000,-1.000000,-1,-1,1.414197,-1.000000
30,23.160000,2.054747,67|7|2|39|55|71|12|86|14|21,-1.000000,-1,-1.000000,0,-1.000000,-1.000000,-1.000000,-1.000000,-1.000000,-1.000000,-1.000000,-1.000000,-1.000000,-1,-1,1.246320,-1.000000
31,31.150000,2.013212,32|11|72|12|87|82|52|16|44|55,-1.000000,-1,-1.000000,0,-1.000000,-1.000000,-1.000000,-1.000000,-1.000000,-1.000000,-1.000000,-1.000000,-1.000000,-1,-1,1.464732,-1.000000
32,31.900000,1.995334,46|34|84|96|59|78|55|48|23|30,-1.000000,-1,-1.000000,0,-1.000000,-1.000000,-1.000000,-1.000000,-1.000000,-1.000000,-1.000000,-1.000000,-1.000000,-1,-1,1.644308,-1.000000
33,26.140000,2.069129,72|27|79|57|53|63|47|69|74|10,-1.000000,-1,-1.000000,0,-1.000000,-1.000000,-1.000000,-1.000000,-1.000000,-1.000000,-1.000000,-1.000000,-1.000000,-1,-1,1.671807,-1.000000
34,33.540000,1.966565,28|46|29|4|54|61|94|25|18|17,-1.000000,-1,-1.000000,0,-1.000000,-1.000000,-1.000000,-1.000000,-1.000000,-1.000000,-1.000000,-1.000000,-1.000000,-1,-1,1.261625,-1.000000
35,29.130000,2.016443,78|35|63|60|40|83|90|23|4|47,-1.000000,-1,-1.000000,0,-1.000000,-1.000000,-1.000000,-1.000000,-1.000000,-1.000000,-1.000000,-1.000000,-1.000000,-1,-1,1.530852,-1.000000
36,21.580000,2.055548,20|50|21|96|55|25|70|0|44|12,-1.000000,-1,-1.000000,0,-1.000000,-1.000000,-1.000000,-1.000000,-1.000000,-1.000000,-1.000000,-1.000000,-1.000000,-1,-1,1.286808,-1.000000
37,29.790000,1.969665,75|45|57|44|21|13|17|92|82|5,-1.000000,-1,-1.000000,0,-1.000000,-1.000000,-1.000000,-1.000000,-1.000000,-1.000000,-1.000000,-1.000000,-1.000000,-1,-1,1.415020,-1.000000
38,30.900000,1.999578,41|57|95|90|96|29|77|93|85|50,-1.000000,-1,-1.000000,0,-1.000000,-1.000000,-1.000000,-1.000000,-1.000000,-1.000000,-1.000000,-1.000000,-1.000000,-1,-1,1.848452,-1.000000
39,29.880000,2.008788,30|90|50|55|15|39|29|35|49|65,-1.000000,-1,-1.000000,0,-1.000000,-1.000000,-1.000000,-1.000000,-1.000000,-1.000000,-1.000000,-1.000000,-1.000000,-1,-1,1.472278,-1.000000
40,24.780000,2.033964,26|11|89|13|78|48|84|9|17|76,-1.000000,-1,-1.000000,0,-1.000000,-1.000000,-1.000000,-1.000000,-1.000000,-1.000000,-1.000000,-1.000000,-1.000000,-1,-1,1.378240,-1.000000
41,32.190000,1.971613,62|20|4|76|7|97|89|16|45|75,-1.000000,-1,-1.000000,0,-1.000000,-1.000000,-1.000000,-1.000000,-1.000000,-1.000000,-1.000000,-1.000000,-1.000000,-1,-1,1.433896,-1.000000
42,31.860000,1.981955,55|37|46|62|35|60|24|71|9|73,-1.000000,-1,-1.000000,0,-1.000000,-1.000000,-1.000000,-1.000000,-1.000000,-1.000000,-1.000000,-1.000000,-1.000000,-1,-1,1.461050,-1.000000
43,29.210000,1.981180,67|96|20|21|5|3|75|28|91|56,-1.000000,-1,-1.000000,0,-1.000000,-1.000000,-1.000000,-1.000000,-1.000000,-1.000000,-1.000000,-1.000000,-1.000000,-1,-1,1.377589,-1.000000
44,31.510000,1.997181,85|70|40|57|72|35|43|6|82|16,-1.000000,-1,-1.000000,0,-1.000000,-1.000000,-1.000000,-1.000000,-1.000000,-1.000000,-1.000000,-1.000000,-1.000000,-1,-1,1.518477,-1.000000
45,29.350000,2.018796,89|27|48|40|76|2|17|70|67|13,-1.000000,-1,-1.000000,0,-1.000000,-1.000000,-1.000000,-1.000000,-1.000000,-1.000000,-1.000000,-1.000000,-1.000000,-1,-1,1.369594,-1.000000
46,26.320000,2.010669,68|97|3|92|67|32|29|42|89|13,-1.000000,-1,-1.000000,0,-1.000000,-1.000000,-1.000000,-1.000000,-1.000000,-1.000000,-1.000000,-1.000000,-1.000000,-1,-1,1.456013,-1.000000
47,31.980000,1.971808,30|32|42|65|16|40|77|3|94|2,-1.000000,-1,-1.000000,0,-1.000000,-1.000000,-1.000000,-1.000000,-1.000000,-1.000000,-1.000000,-1.000000,-1.000000,-1,-1,1.259216,-1.000000
48,30.030000,2.010262,80|15|0|8|43|99|98|75|66|77,-1.000000,-1,-1.000000,0,-1.000000,-1.000000,-1.000000,-1.000000,-1.000000,-1.000000,-1.000000,-1.000000,-1.000000,-1,-1,1.489483,-1.000000
49,27.440000,2.061708,78|7|65|42|50|72|55|88|85|95,-1.000000,-1,-1.000000,0,-1.000000,-1.000000,-1.000000,-1.000000,-1.000000,-1.000000,-1.000000,-1.000000,-1.000000,-1,-1,1.730992,-1.000000
50,25.830000,2.092526,69|58|73|68|12|98|23|24|0|97,-1.000000,-1,-1.000000,0,-1.000000,-1.000000,-1.000000,-1.000000,-1.000000,-1.000000,-1.000000,-1.000000,-1.000000,-1,-1,1.437659,-1.000000
51,24.800000,2.093575,74|65|91|42|97|84|26|6|72|40,-1.000000,-1,-1.000000,0,-1.000000,-1.000000,-1.000000,-1.000000,-1.000000,-1.000000,-1.000000,-1.000000,-1.000000,-1,-1,1.628901,-1.000000
52,28.340000,2.060137,68|2|41|6|85|95|88|19|24|38,-1.000000,-1,-1.000000,0,-1.000000,-1.000000,-1.000000,-1.000000,-1.000000,-1.000000,-1.000000,-1.000000,-1.000000,-1,-1,1.353476,-1.000000
53,28.690000,2.008618,6|98|69|15|68|62|86|88|7|13,-1.000000,-1,-1.000000,0,-1.000000,-1.000000,-1.000000,-1.000000,-1.000000,-1.000000,-1.000000,-1.000000,-1.000000,-1,-1,1.423946,-1.000000
54,28.000000,2.038386,13|54|68|48|63|88|93|29|64|91,-1.000000,-1,-1.000000,0,-1.000000,-1.000000,-1.000000,-1.000000,-1.000000,-1.000000,-1.000000,-1.000000,-1.000000,-1,-1,1.638708,-1.000000
55,28.050000,2.016172,50|44|2|1|3|96|62|54|19|35,-1.000000,-1,-1.000000,0,-1.000000,-1.000000,-1.000000,-1.000000,-1.000000,-1.000000,-1.000000,-1.000000,-1.000000,-1,-1,1.137222,-1.000000
56,29.630000,1.986354,14|84|64|75|21|51|36|6|93|26,-1.000000,-1,-1.000000,0,-1.000000,-1.000000,-1.000000,-1.000000,-1.000000,-1.000000,-1.000000,-1.000000,-1.000000,-1,-1,1.397865,-1.000000
57,26.180000,2.025619,73|9|27|31|28|82|57|29|35|60,-1.000000,-1,-1.000000,0,-1.000000,-1.000000,-1.000000,-1.000000,-1.000000,-1.000000,-1.000000,-1.000000,-1.000000,-1,-1,1.347536,-1.000000
58,30.380000,1.981954,5|20|36|42|50|77|97|63|67|31,-1.000000,-1,-1.000000,0,-1.000000,-1.000000,-1.000000,-1.000000,-1.000000,-1.000000,-1.000000,-1.000000,-1.000000,-1,-1,1.438758,-1.000000
59,31.130000,1.966230,43|16|79|45|26|62|4|41|11|18,-1.000000,-1,-1.000000,0,-1.000000,-1.000000,-1.000000,-1.000000,-1.000000,-1.000000,-1.000000,-1.000000,-1.000000,-1,-1,1.206549,-1.000000
60,30.150000,1.984757,75|27|14|42|43|71|72|39|49|88,-1.000000,-1,-1.000000,0,-1.000000,-1.000000,-1.000000,-1.000000,-1.000000,-1.000000,-1.000000,-1.000000,-1.000000,-1,-1,1.532637,-1.000000
61,31.930000,1.966618,3|50|15|29|1|10|51|74|82|85,-1.000000,-1,-1.000000,0,-1.000000,-1.000000,-1.000000,-1.000000,-1.000000,-1.000000,-1.000000,-1.000000,-1.000000,-1,-1,1.227098,-1.000000
62,31.930000,1.993399,52|67|50|84|44|38|9|93|63|29,-1.000000,-1,-1.000000,0,-1.000000,-1.000000,-1.000000,-1.000000,-1.000000,-1.000000,-1.000000,-1.000000,-1.000000,-1,-1,1.495535,-1.000000
63,35.070000,1.940554,5|15|36|55|35|77|59|51|82|50,-1.000000,-1,-1.000000,0,-1.000000,-1.000000,-1.000000,-1.000000,-1.000000,-1.000000,-1.000000,-1.000000,-1.000000,-1,-1,1.415485,-1.000000
64,29.970000,1.964392,3|56|48|26|99|7|16|2|30|97,-1.000000,-1,-1.000000,0,-1.000000,-1.000000,-1.000000,-1.000000,-1.000000,-1.000000,-1.000000,-1.000000,-1.000000,-1,-1,1.152834,-1.000000
65,28.760000,2.010224,77|76|88|69|91|19|42|45|7|63,-1.000000,-1,-1.000000,0,-1.000000,-1.000000,-1.000000,-1.000000,-1.000000,-1.000000,-1.000000,-1.000000,-1.000000,-1,-1,1.590065,-1.000000
66,28.920000,1.988211,75|49|70|91|86|65|35|7|54|56,-1.000000,-1,-1.000000,0,-1.000000,-1.000000,-1.000000,-1.000000,-1.000000,-1.000000,-1.000000,-1.000000,-1.000000,-1,-1,1.608734,-1.000000
67,30.930000,1.964057,23|32|35|25|95|60|90|59|51|29,-1.000000,-1,-1.000000,0,-1.000000,-1.000000,-1.000000,-1.000000,-1.000000,-1.000000,-1.000000,-1.000000,-1.000000,-1,-1,1.435140,-1.000000
68,31.780000,1.977130,8|40|27|59|68|67|82|3|41|22,-1.000000,-1,-1.000000,0,-1.000000,-1.000000,-1.000000,-1.000000,-1.000000,-1.000000,-1.000000,-1.000000,-1.000000,-1,-1,1.293640,-1.000000
69,27.120000,2.052324,48|63|54|9|96|58|41|40|69|97,-1.000000,-1,-1.000000,0,-1.000000,-1.000000,-1.000000,-1.000000,-1.000000,-1.000000,-1.000000,-1.000000,-1.000000,-1,-1,1.577645,-1.000000
70,34.080000,1.936676,37|3|95|65|76|52|18|66|22|14,-1.000000,-1,-1.000000,0,-1.000000,-1.000000,-1.000000,-1.000000,-1.000000,-1.000000,-1.000000,-1.000000,-1.000000,-1,-1,1.321641,-1.000000
71,27.220000,2.038886,79|31|78|7|59|49|96|32|61|52,-1.000000,-1,-1.000000,0,-1.000000,-1.000000,-1.000000,-1.000000,-1.000000,-1.000000,-1.000000,-1.000000,-1.000000,-1,-1,1.535173,-1.000000
72,24.170000,2.072740,97|18|80|69|95|60|27|79|20|52,-1.000000,-1,-1.000000,0,-1.000000,-1.000000,-1.000000,-1.000000,-1.000000,-1.000000,-1.000000,-1.000000,-1.000000,-1,-1,1.585793,-1.000000
73,32.200000,1.963275,13|58|4|56|75|74|44|21|84|71,-1.000000,-1,-1.000000,0,-1.000000,-1.000000,-1.000000,-1.000000,-1.000000,-1.000000,-1.000000,-1.000000,-1.000000,-1,-1,1.429403,-1.000000
74,25.290000,2.032518,43|52|33|2|66|73|55|88|64|29,-1.000000,-1,-1.000000,0,-1.000000,-1.000000,-1.000000,-1.000000,-1.000000,-1.000000,-1.000000,-1.000000,-1.000000,-1,-1,1.426743,-1.000000
75,32.140000,1.953175,36|21|65|13|83|18|51|23|8|33,-1.000000,-1,-1.000000,0,-1.000000,-1.000000,-1.000000,-1.000000,-1.000000,-1.000000,-1.000000,-1.000000,-1.000000,-1,-1,1.161443,-1.000000
76,31.460000,2.023943,79|59|38|87|91|49|57|45|76|33,-1.000000,-1,-1.000000,0,-1.000000,-1.000000,-1.000000,-1.000000,-1.000000,-1.000000,-1.000000,-1.000000,-1.000000,-1,-1,1.702875,-1.000000
77,30.330000,2.010026,14|36|71|0|3|15|27|91|69|26,-1.000000,-1,-1.000000,0,-1.000000,-1.000000,-1.000000,-1.000000,-1.000000,-1.000000,-1.000000,-1.000000,-1.000000,-1,-1,1.092721,-1.000000
78,30.440000,2.009188,89|92|69|36|41|88|48|98|21|73,-1.000000,-1,-1.000000,0,-1.000000,-1.000000,-1.000000,-1.000000,-1.000000,-1.000000,-1.000000,-1.000000,-1.000000,-1,-1,1.698486,-1.000000
79,32.840000,1.949530,45|36|95|46|3|80|23|14|8|66,-1.000000,-1,-1.000000,0,-1.000000,-1.000000,-1.000000,-1.000000,-1.000000,-1.000000,-1.000000,-1.000000,-1.000000,-1,-1,1.218242,-1.000000
80,28.700000,2.030186,53|98|71|83|70|82|47|94|99|97,-1.000000,-1,-1.000000,0,-1.000000,-1.000000,-1.000000,-1.000000,-1.000000,-1.000000,-1.000000,-1.000000,-1.000000,-1,-1,1.881803,-1.000000
81,31.420000,2.045949,54|8|35|73|91|97|87|79|33|49,-1.000000,-1,-1.000000,0,-1.000000,-1.000000,-1.000000,-1.000000,-1.000000,-1.000000,-1.000000,-1.000000,-1.000000,-1,-1,1.576168,-1.000000
82,30.820000,1.978613,38|24|74|58|36|13|85|34|7|40,-1.000000,-1,-1.000000,0,-1.000000,-1.000000,-1.000000,-1.000000,-1.000000,-1.000000,-1.000000,-1.000000,-1.000000,-1,-1,1.297123,-1.000000
83,29.560000,2.034052,40|29|57|49|69|98|74|87|18|91,-1.000000,-1,-1.000000,0,-1.000000,-1.000000,-1.000000,-1.000000,-1.000000,-1.000000,-1.000000,-1.000000,-1.000000,-1,-1,1.609257,-1.000000
84,28.580000,2.020740,33|3|19|15|47|70|16|84|80|85,-1.000000,-1,-1.000000,0,-1.000000,-1.000000,-1.000000,-1.000000,-1.000000,-1.000000,-1.000000,-1.000000,-1.000000,-1,-1,1.316420,-1.000000
85,27.460000,2.047039,0|96|2|52|77|18|38|99|51|61,-1.000000,-1,-1.000000,0,-1.000000,-1.000000,-1.000000,-1.000000,-1.000000,-1.000000,-1.000000,-1.000000,-1.000000,-1,-1,1.313528,-1.000000
86,28.460000,2.025179,38|90|47|64|94|41|82|48|36|96,-1.000000,-1,-1.000000,0,-1.000000,-1.000000,-1.000000,-1.000000,-1.000000,-1.000000,-1.000000,-1.000000,-1.000000,-1,-1,1.640574,-1.000000
87,25.460000,2.074406,85|22|12|65|36|61|21|98|34|15,-1.000000,-1,-1.000000,0,-1.000000,-1.000000,-1.000000,-1.000000,-1.000000,-1.000000,-1.000000,-1.000000,-1.000000,-1,-1,1.309413,-1.000000
88,29.540000,1.998023,29|54|84|75|1|31|89|57|43|13,-1.000000,-1,-1.000000,0,-1.000000,-1.000000,-1.000000,-1.000000,-1.000000,-1.000000,-1.000000,-1.000000,-1.000000,-1,-1,1.342540,-1.000000
89,29.120000,1.995615,68|10|11|55|81|70|71|74|56|44,-1.000000,-1,-1.000000,0,-1.000000,-1.000000,-1.000000,-1.000000,-1.000000,-1.000000,-1.000000,-1.000000,-1.000000,-1,-1,1.529394,-1.000000
90,32.980000,1.981105,60|25|15|70|10|61|95|3|0|24,-1.000000,-1,-1.000000,0,-1.000000,-1.000000,-1.000000,-1.000000,-1.000000,-1.000000,-1.000000,-1.000000,-1.000000,-1,-1,1.092715,-1.000000
91,28.930000,2.035123,65|84|82|2|52|9|81|85|91|3,-1.000000,-1,-1.000000,0,-1.000000,-1.000000,-1.000000,-1.000000,-1.000000,-1.000000,-1.000000,-1.000000,-1.000000,-1,-1,1.369539,-1.000000
92,24.130000,2.082626,84|44|73|99|45|79|14|27|80|2,-1.000000,-1,-1.000000,0,-1.000000,-1.000000,-1.000000,-1.000000,-1.000000,-1.000000,-1.000000,-1.000000,-1.000000,-1,-1,1.436468,-1.000000
93,27.160000,2.025624,37|14|27|86|92|24|17|1|31|9,-1.000000,-1,-1.000000,0,-1.000000,-1.000000,-1.000000,-1.000000,-1.000000,-1.000000,-1.000000,-1.000000,-1.000000,-1,-1,1.092083,-1.000000
94,27.740000,2.047313,20|11|54|55|91|26|86|65|75|94,-1.000000,-1,-1.000000,0,-1.000000,-1.000000,-1.000000,-1.000000,-1.000000,-1.000000,-1.000000,-1.000000,-1.000000,-1,-1,1.538077,-1.000000
95,31.650000,2.003905,4|8|23|24|85|25|43|12|11|0,-1.000000,-1,-1.000000,0,-1.000000,-1.000000,-1.000000,-1.000000,-1.000000,-1.000000,-1.000000,-1.000000,-1.000000,-1,-1,0.834916,-1.000000
96,30.610000,1.983383,70|37|27|29|30|21|8|7|23|26,-1.000000,-1,-1.000000,0,-1.000000,-1.000000,-1.000000,-1.000000,-1.000000,-1.000000,-1.000000,-1.000000,-1.000000,-1,-1,1.011832,-1.000000
97,29.480000,2.010345,80|63|49|68|48|61|89|70|97|98,-1.000000,-1,-1.000000,0,-1.000000,-1.000000,-1.000000,-1.000000,-1.000000,-1.000000,-1.000000,-1.000000,-1.000000,-1,-1,1.776231,-1.000000
98,25.900000,2.044764,26|2|99|23|55|40|17|30|43|59,-1.000000,-1,-1.000000,0,-1.000000,-1.000000,-1.000000,-1.000000,-1.000000,-1.000000,-1.000000,-1.000000,-1.000000,-1,-1,1.226072,-1.000000
99,29.860000,1.946780,5|60|13|84|29|34|3|64|21|25,-1.000000,-1,-1.000000,0,-1.000000,-1.000000,-1.000000,-1.000000,-1.000000,-1.000000,-1.000000,-1.000000,-1.000000,-1,-1,1.049373,-1.000000
100,33.670000,1.897516,98|68|67|37|72|59|0|58|4|6,82.700000,0,100.000000,0,0.654000,0.919725,0.960863,0.654000,0.919725,0.960863,0.654000,0.919725,0.960863,98,210,0.451117,0.793554
101,32.310000,1.892010,11|41|44|16|42|99|76|72|94|51,77.000000,16,97.000000,0,0.629250,0.853397,0.951706,0.629250,0.853397,0.951706,0.629250,0.853397,0.951706,109,369,0.650247,0.882786
102,32.660000,1.971083,29|62|11|4|59|85|71|95|66|41,82.700000,29,100.000000,0,0.609000,0.918719,0.960515,0.609000,0.918719,0.960515,0.609000,0.918719,0.960515,92,198,0.403460,0.773913
103,34.020000,1.870587,46|47|87|44|66|72|97|84|39|82,76.500000,46,93.000000,0,0.527750,0.860730,0.966489,0.527750,0.860730,0.966489,0.527750,0.860730,0.966489,63,294,0.570919,0.979248
104,39.550000,1.679291,64|80|31|23|20|60|68|25|98|24,87.100000,64,100.000000,0,0.630000,0.942063,0.978566,0.630000,0.942063,0.978566,0.630000,0.942063,0.978566,52,146,0.364963,0.650120
105,36.030000,1.809337,15|5|48|26|91|65|19|59|11|55,79.100000,59,93.000000,0,0.686500,0.958121,0.959519,0.686500,0.958121,0.959519,0.686500,0.958121,0.959519,111,115,0.423234,0.665978
106,39.240000,1.770013,35|71|4|26|59|13|39|24|66|54,86.900000,66,94.000000,0,0.687500,0.976727,0.975309,0.687500,0.976727,0.975309,0.687500,0.976727,0.975309,68,64,0.273984,0.270251
107,30.260000,1.888586,83|8|68|31|9|57|72|75|6|91,79.700000,9,100.000000,0,0.611500,0.952984,0.969634,0.611500,0.952984,0.969634,0.611500,0.952984,0.969634,73,115,0.369885,0.631081
108,45.850000,1.593248,71|70|72|44|67|73|93|65|39|10,81.000000,70,94.000000,0,0.540750,0.929727,0.971028,0.540750,0.929727,0.971028,0.540750,0.929727,0.971028,60,152,0.463418,0.726754
109,29.280000,1.908212,74|83|6|85|38|56|94|91|63|0,83.600000,74,100.000000,0,0.554000,0.931408,0.975425,0.554000,0.931408,0.975425,0.554000,0.931408,0.975425,52,152,0.397969,0.734697
110,36.130000,1.719975,47|53|62|41|55|90|35|1|8|50,83.500000,8,95.000000,0,0.644000,0.978261,0.973725,0.644000,0.978261,0.973725,0.644000,0.978261,0.973725,68,56,0.284031,0.509263
111,39.250000,1.674774,42|73|62|4|16|27|21|61|22|25,91.200000,61,99.000000,0,0.698750,0.988551,0.961378,0.698750,0.988551,0.961378,0.698750,0.988551,0.961378,111,32,0.189741,0.334319
112,41.720000,1.590095,47|35|99|9|27|12|30|11|13|37,83.800000,9,100.000000,0,0.766000,0.934073,0.960403,0.766000,0.934073,0.960403,0.766000,0.934073,0.960403,118,202,0.428251,0.391004
113,39.490000,1.658840,69|87|23|88|60|94|6|65|7|24,81.200000,60,100.000000,0,0.598250,0.952779,0.978121,0.598250,0.952779,0.978121,0.598250,0.952779,0.978121,51,113,0.374045,0.658080
114,39.420000,1.668786,8|38|34|26|36|61|13|63|11|28,86.200000,61,100.000000,0,0.733750,0.987734,0.970539,0.733750,0.987734,0.970539,0.733750,0.987734,0.970539,88,36,0.247530,0.264649
115,35.990000,1.809545,24|34|85|62|73|88|41|94|15|77,86.900000,88,100.000000,0,0.518250,0.967680,0.952065,0.518250,0.967680,0.952065,0.518250,0.967680,0.952065,101,67,0.310934,0.380898
116,45.550000,1.562253,47|59|43|33|4|99|61|27|12|57,84.800000,61,100.000000,0,0.677500,0.925461,0.967966,0.677500,0.925461,0.967966,0.677500,0.925461,0.967966,83,202,0.416602,0.440588
117,43.730000,1.580054,73|31|29|19|26|15|44|0|48|94,89.100000,29,100.000000,0,0.690000,0.981159,0.969914,0.690000,0.981159,0.969914,0.690000,0.981159,0.969914,84,52,0.257478,0.209306
118,45.020000,1.594168,6|32|24|89|52|1|45|99|17|31,76.800000,6,96.000000,0,0.733250,0.902148,0.966752,0.733250,0.902148,0.966752,0.733250,0.902148,0.966752,91,287,0.482459,0.654291
119,45.800000,1.527395,97|36|64|81|82|68|59|61|17|25,86.600000,64,100.000000,0,0.560250,0.927265,0.982042,0.560250,0.927265,0.982042,0.560250,0.927265,0.982042,38,163,0.383175,0.430767
120,40.540000,1.670566,12|47|2|38|88|5|92|71|7|74,88.700000,2,100.000000,0,0.656000,0.973704,0.979302,0.656000,0.973704,0.979302,0.656000,0.973704,0.979302,54,69,0.263940,0.299295
121,41.420000,1.636836,66|80|92|51|46|56|21|55|26|7,84.300000,80,100.000000,0,0.595250,0.977740,0.969192,0.595250,0.977740,0.969192,0.595250,0.977740,0.969192,74,53,0.300075,0.410929
122,38.970000,1.659952,94|15|34|4|43|79|39|96|84|56,81.600000,4,93.000000,0,0.601250,0.905613,0.961589,0.601250,0.905613,0.961589,0.601250,0.905613,0.961589,87,227,0.532377,0.617771
123,44.360000,1.546384,84|60|5|17|32|45|21|10|51|0,87.000000,60,100.000000,0,0.724000,0.984116,0.962188,0.724000,0.984116,0.962188,0.724000,0.984116,0.962188,112,46,0.275379,0.247316
124,47.040000,1.470139,8|69|19|88|25|93|13|71|94|91,85.500000,88,100.000000,0,0.547000,0.955667,0.960055,0.547000,0.955667,0.960055,0.547000,0.955667,0.960055,87,97,0.293581,0.284358
125,45.840000,1.521677,66|48|85|61|93|56|87|86|10|80,85.800000,61,100.000000,0,0.483000,0.926501,0.966523,0.483000,0.926501,0.966523,0.483000,0.926501,0.966523,62,142,0.382881,0.419795
126,40.630000,1.675240,46|81|51|93|20|19|54|9|23|4,89.700000,9,100.000000,0,0.679000,0.978645,0.975413,0.679000,0.978645,0.975413,0.679000,0.978645,0.975413,67,58,0.230576,0.221440
127,40.740000,1.663703,95|75|25|96|78|14|23|70|32|9,85.000000,9,100.000000,0,0.631000,0.913233,0.981269,0.631000,0.913233,0.981269,0.631000,0.913233,0.981269,44,219,0.436415,0.598155
128,44.750000,1.572759,32|9|19|13|56|59|68|79|39|36,88.500000,9,100.000000,0,0.670500,0.979493,0.975130,0.670500,0.979493,0.975130,0.670500,0.979493,0.975130,67,55,0.275146,0.213684
129,46.260000,1.547949,6|67|82|31|54|22|78|64|14|90,88.100000,64,100.000000,0,0.600500,0.972939,0.982346,0.600500,0.972939,0.982346,0.600500,0.972939,0.982346,42,65,0.237215,0.266415
130,44.160000,1.554347,18|49|94|22|7|40|82|75|46|84,85.900000,18,96.000000,0,0.586500,0.973572,0.971915,0.586500,0.973572,0.971915,0.586500,0.973572,0.971915,66,62,0.266731,0.302959
131,42.170000,1.593263,20|26|54|53|71|75|95|94|2|7,87.500000,2,100.000000,0,0.624250,0.951942,0.985081,0.624250,0.951942,0.985081,0.624250,0.951942,0.985081,36,120,0.298413,0.282573
132,47.440000,1.491458,19|61|66|62|29|17|52|93|77|83,89.500000,61,100.000000,0,0.555500,0.965347,0.967960,0.555500,0.965347,0.967960,0.555500,0.965347,0.967960,71,77,0.269543,0.246745
133,42.980000,1.570626,99|64|85|2|98|5|92|24|22|66,83.600000,64,100.000000,0,0.610000,0.889754,0.977048,0.610000,0.889754,0.977048,0.610000,0.889754,0.977048,51,269,0.411079,0.418820
134,45.750000,1.553309,39|98|99|31|80|91|94|67|64|52,79.600000,80,100.000000,0,0.490000,0.855612,0.976704,0.490000,0.855612,0.976704,0.490000,0.855612,0.976704,40,283,0.455499,0.428147
135,44.030000,1.583650,0|42|68|29|55|81|64|84|3|59,91.100000,0,100.000000,0,0.616000,0.981737,0.986139,0.616000,0.981737,0.986139,0.616000,0.981737,0.986139,34,45,0.219141,0.179230
136,51.700000,1.387035,68|44|64|95|75|30|93|31|37|66,86.700000,64,100.000000,0,0.533250,0.943272,0.970106,0.533250,0.943272,0.970106,0.533250,0.943272,0.970106,62,121,0.351126,0.303041
137,46.350000,1.534297,92|84|87|14|76|1|62|71|58|54,87.200000,54,98.000000,0,0.530750,0.964202,0.980364,0.530750,0.964202,0.980364,0.530750,0.964202,0.980364,41,76,0.249290,0.227899
138,38.920000,1.655009,90|12|20|86|2|94|49|92|36|67,89.800000,2,100.000000,0,0.569000,0.978471,0.989778,0.569000,0.978471,0.989778,0.569000,0.978471,0.989778,23,49,0.225906,0.285816
139,49.150000,1.440721,99|12|94|49|0|6|90|66|27|97,83.300000,0,100.000000,0,0.632500,0.879447,0.977592,0.632500,0.879447,0.977592,0.632500,0.879447,0.977592,51,305,0.457743,0.394377
140,50.220000,1.443184,66|18|17|22|89|72|24|39|3|91,82.300000,3,97.000000,0,0.662250,0.952057,0.972244,0.662250,0.952057,0.972244,0.662250,0.952057,0.972244,72,127,0.345041,0.358851
141,52.380000,1.387775,78|56|19|57|31|39|99|81|91|71,78.800000,71,95.000000,0,0.547750,0.895482,0.974181,0.547750,0.895482,0.974181,0.547750,0.895482,0.974181,52,229,0.440426,0.398743
142,45.540000,1.527178,7|39|29|70|50|4|76|37|51|14,89.000000,29,100.000000,0,0.698250,0.980308,0.978556,0.698250,0.980308,0.978556,0.698250,0.980308,0.978556,60,55,0.242821,0.173758
143,37.530000,1.776361,67|94|60|76|36|42|84|53|75|34,90.000000,60,100.000000,0,0.504250,0.974219,0.974219,0.504250,0.974219,0.974219,0.504250,0.974219,0.974219,52,52,0.196218,0.150524
144,49.430000,1.428758,30|59|38|81|68|42|86|85|11|93,87.300000,68,96.000000,0,0.526000,0.974335,0.973409,0.526000,0.974335,0.973409,0.526000,0.974335,0.973409,56,54,0.260433,0.219001
145,45.930000,1.505165,86|49|14|65|0|15|9|68|34|64,89.800000,0,100.000000,0,0.669750,0.985069,0.973083,0.669750,0.985069,0.973083,0.669750,0.985069,0.973083,73,40,0.189267,0.161389
146,45.310000,1.511879,82|9|38|95|12|71|88|51|56|29,88.200000,9,100.000000,0,0.595750,0.954679,0.986985,0.595750,0.954679,0.986985,0.595750,0.954679,0.986985,30,108,0.255798,0.216779
147,43.560000,1.620763,12|57|63|98|9|46|26|96|25|42,86.000000,9,100.000000,0,0.654000,0.925841,0.973864,0.654000,0.925841,0.973864,0.654000,0.925841,0.973864,65,194,0.442025,0.367246
148,51.260000,1.370533,68|27|69|41|49|47|78|36|54|51,85.600000,36,99.000000,0,0.593000,0.962901,0.975651,0.593000,0.962901,0.975651,0.593000,0.962901,0.975651,57,88,0.304512,0.247107
149,49.220000,1.421790,49|72|65|34|6|64|90|8|99|88,84.900000,64,100.000000,0,0.580250,0.911245,0.976905,0.580250,0.911245,0.976905,0.580250,0.911245,0.976905,50,206,0.372244,0.315447
150,43.460000,1.566003,7|72|50|78|99|95|41|91|30|69,69.900000,41,89.000000,0,0.573750,0.844009,0.977789,0.573750,0.844009,0.977789,0.573750,0.844009,0.977789,44,358,0.628216,0.508887
151,46.650000,1.484335,96|27|63|20|16|56|82|45|41|62,84.700000,16,96.000000,0,0.607500,0.941975,0.962979,0.607500,0.941975,0.962979,0.607500,0.941975,0.962979,88,141,0.329898,0.311946
152,43.410000,1.594308,21|53|68|14|52|4|71|41|16|7,90.000000,16,96.000000,0,0.705250,0.993974,0.968901,0.705250,0.993974,0.968901,0.705250,0.993974,0.968901,90,17,0.166240,0.120313
153,43.900000,1.552946,27|52|64|94|60|32|36|0|99|18,88.200000,64,100.000000,0,0.650250,0.927720,0.980097,0.650250,0.927720,0.980097,0.650250,0.927720,0.980097,49,188,0.281170,0.224203
154,49.210000,1.389671,71|33|48|1|36|30|20|54|89|59,90.400000,54,98.000000,0,0.644750,0.980225,0.974933,0.644750,0.980225,0.974933,0.644750,0.980225,0.974933,65,51,0.236560,0.207169
155,44.390000,1.516507,72|81|73|99|4|76|96|92|20|18,81.700000,76,97.000000,0,0.568500,0.850923,0.974811,0.568500,0.850923,0.974811,0.568500,0.850923,0.974811,50,339,0.494022,0.385673
156,43.400000,1.572765,43|97|15|29|40|28|30|52|36|51,84.200000,29,100.000000,0,0.664500,0.958992,0.959714,0.664500,0.958992,0.959714,0.664500,0.958992,0.959714,107,109,0.332413,0.292895
157,37.840000,1.827857,44|74|63|98|72|23|30|47|17|27,83.600000,74,100.000000,0,0.611250,0.959918,0.969434,0.611250,0.959918,0.969434,0.611250,0.959918,0.969434,74,98,0.311084,0.266437
158,42.710000,1.561163,15|93|59|29|43|25|45|88|56|53,90.200000,29,100.000000,0,0.583750,0.983298,0.962683,0.583750,0.983298,0.962683,0.583750,0.983298,0.962683,89,39,0.226265,0.137436
159,48.120000,1.529870,88|45|21|8|63|23|4|66|44|32,89.800000,88,100.000000,0,0.673500,0.989235,0.971210,0.673500,0.989235,0.971210,0.673500,0.989235,0.971210,79,29,0.189751,0.136800
160,47.130000,1.622344,51|8|58|31|67|62|18|3|26|73,89.200000,3,98.000000,0,0.675250,0.986301,0.974396,0.675250,0.986301,0.974396,0.675250,0.986301,0.974396,70,37,0.170216,0.145597
161,49.140000,1.432748,56|87|1|21|53|46|49|99|44|92,77.800000,1,97.000000,0,0.603250,0.902611,0.967570,0.603250,0.902611,0.967570,0.603250,0.902611,0.967570,73,235,0.387245,0.310870
162,52.020000,1.371688,83|9|30|91|59|77|47|1|81|44,88.300000,9,100.000000,0,0.591000,0.966159,0.978578,0.591000,0.966159,0.978578,0.591000,0.966159,0.978578,50,80,0.249896,0.213804
163,55.640000,1.261993,0|2|37|92|78|73|1|74|42|16,90.700000,0,100.000000,0,0.666000,0.982357,0.977952,0.666000,0.982357,0.977952,0.666000,0.982357,0.977952,59,47,0.177773,0.127214
164,40.040000,1.683742,47|29|99|30|53|71|68|22|96|31,86.400000,29,100.000000,0,0.629000,0.881558,0.982720,0.629000,0.881558,0.982720,0.629000,0.881558,0.982720,39,298,0.401467,0.335575
165,47.010000,1.516515,37|71|49|14|18|32|50|60|39|9,90.300000,60,100.000000,0,0.692750,0.984482,0.977077,0.692750,0.984482,0.977077,0.692750,0.984482,0.977077,64,43,0.201775,0.141520
166,45.050000,1.536811,75|28|59|81|2|42|99|88|98|72,78.700000,2,100.000000,0,0.544000,0.871783,0.975823,0.544000,0.871783,0.975823,0.544000,0.871783,0.975823,47,279,0.426524,0.343223
167,43.150000,1.678288,98|7|47|94|5|45|39|2|88|90,90.000000,2,100.000000,0,0.593000,0.978078,0.984720,0.593000,0.978078,0.984720,0.593000,0.978078,0.984720,36,52,0.210474,0.168467
168,47.340000,1.553400,71|26|32|7|29|45|51|0|90|42,91.300000,29,100.000000,0,0.675500,0.991488,0.975956,0.675500,0.991488,0.975956,0.675500,0.991488,0.975956,66,23,0.173205,0.116217
169,45.350000,1.610630,99|88|79|11|18|66|54|57|0|22,84.900000,88,100.000000,0,0.646000,0.909830,0.969884,0.646000,0.909830,0.969884,0.646000,0.909830,0.969884,73,233,0.368293,0.327174
170,52.140000,1.399750,96|1|73|26|44|0|88|42|14|3,89.900000,0,100.000000,0,0.702750,0.963714,0.979393,0.702750,0.963714,0.979393,0.702750,0.963714,0.979393,57,102,0.219955,0.170643
171,53.270000,1.336519,10|22|92|40|60|49|98|79|85|87,82.700000,60,100.000000,0,0.505500,0.958457,0.962742,0.505500,0.958457,0.962742,0.505500,0.958457,0.962742,75,84,0.354611,0.259717
172,47.690000,1.439648,17|98|76|73|88|48|9|60|61|50,89.100000,88,100.000000,0,0.543500,0.974241,0.986034,0.543500,0.974241,0.986034,0.543500,0.974241,0.986034,30,56,0.214703,0.152882
173,44.150000,1.572819,2|44|13|28|19|94|60|0|56|58,93.300000,2,100.000000,0,0.697500,0.989247,0.982906,0.697500,0.989247,0.982906,0.697500,0.989247,0.982906,48,30,0.168124,0.093277
174,45.970000,1.710288,34|8|6|93|88|3|26|61|94|33,91.400000,88,100.000000,0,0.639000,0.988654,0.980217,0.639000,0.988654,0.980217,0.639000,0.988654,0.980217,51,29,0.174342,0.111369
175,51.290000,1.355176,15|43|90|68|17|76|58|60|69|30,87.500000,60,100.000000,0,0.573750,0.977342,0.966810,0.573750,0.977342,0.966810,0.573750,0.977342,0.966810,77,52,0.275291,0.185714
176,49.860000,1.402341,36|67|84|22|51|16|19|15|4|35,90.100000,36,98.000000,0,0.705000,0.984752,0.961898,0.705000,0.984752,0.961898,0.705000,0.984752,0.961898,110,43,0.201991,0.140948
177,48.770000,1.461151,37|85|88|39|70|32|65|2|30|63,86.900000,88,100.000000,0,0.589500,0.983036,0.978885,0.589500,0.983036,0.978885,0.589500,0.983036,0.978885,50,40,0.205367,0.167254
178,49.750000,1.475698,83|72|42|67|3|88|18|90|45|11,87.000000,88,100.000000,0,0.583500,0.970865,0.967136,0.583500,0.970865,0.967136,0.583500,0.970865,0.967136,77,68,0.229656,0.182792
179,54.330000,1.284244,64|20|57|73|35|18|48|12|15|16,90.500000,64,100.000000,0,0.702250,0.986828,0.969909,0.702250,0.986828,0.969909,0.702250,0.986828,0.969909,86,37,0.210801,0.145681
180,48.830000,1.432261,7|90|13|64|69|73|76|91|27|94,85.600000,64,100.000000,0,0.526500,0.965337,0.981178,0.526500,0.965337,0.981178,0.526500,0.965337,0.981178,39,73,0.229594,0.165591
181,48.250000,1.499339,38|5|15|2|52|51|33|42|68|67,91.300000,2,100.000000,0,0.693250,0.986296,0.973310,0.693250,0.986296,0.973310,0.693250,0.986296,0.973310,75,38,0.196433,0.138174
182,50.790000,1.412736,79|97|49|93|92|40|4|14|53|71,85.300000,4,97.000000,0,0.541500,0.953832,0.978683,0.541500,0.953832,0.978683,0.541500,0.953832,0.978683,45,100,0.278414,0.235332
183,50.990000,1.369191,25|19|72|54|38|28|65|53|42|3,87.300000,54,99.000000,0,0.683750,0.979159,0.981672,0.683750,0.979159,0.981672,0.683750,0.979159,0.981672,50,57,0.210350,0.184346
184,51.290000,1.323810,80|88|57|98|76|84|7|50|92|27,83.400000,80,100.000000,0,0.481250,0.965714,0.981003,0.481250,0.965714,0.981003,0.481250,0.965714,0.981003,36,66,0.263742,0.194571
185,56.300000,1.247094,57|65|49|45|3|47|62|60|64|43,91.200000,60,100.000000,0,0.602000,0.980897,0.976033,0.602000,0.980897,0.976033,0.602000,0.980897,0.976033,58,46,0.196510,0.134274
186,48.800000,1.416685,88|60|40|41|14|25|47|45|73|51,90.100000,88,100.000000,0,0.608250,0.982737,0.974328,0.608250,0.982737,0.974328,0.608250,0.982737,0.974328,63,42,0.196317,0.127182
187,41.630000,1.657734,83|95|72|71|63|56|94|37|46|14,84.700000,71,95.000000,0,0.519500,0.933590,0.977330,0.519500,0.933590,0.977330,0.519500,0.933590,0.977330,45,138,0.297715,0.302669
188,45.130000,1.509916,55|99|34|17|65|5|71|92|32|94,80.900000,5,95.000000,0,0.590250,0.902160,0.968622,0.590250,0.902160,0.968622,0.590250,0.902160,0.968622,69,231,0.365245,0.284260
189,50.710000,1.364100,31|80|57|14|42|10|40|5|30|56,87.400000,80,100.000000,0,0.701250,0.982888,0.972830,0.701250,0.982888,0.972830,0.701250,0.982888,0.972830,77,48,0.232282,0.166151
190,49.550000,1.378736,16|25|32|17|99|51|56|90|23|46,85.800000,46,97.000000,0,0.672000,0.921503,0.972517,0.672000,0.921503,0.972517,0.672000,0.921503,0.972517,70,211,0.348418,0.242491
191,45.170000,1.536482,95|14|94|88|30|64|85|5|77|73,88.200000,88,100.000000,0,0.519250,0.951372,0.986028,0.519250,0.951372,0.986028,0.519250,0.951372,0.986028,28,101,0.271255,0.194963
192,48.830000,1.374755,6|13|20|8|76|51|40|17|48|88,86.700000,88,100.000000,0,0.707750,0.981985,0.982679,0.707750,0.981985,0.982679,0.707750,0.981985,0.982679,49,51,0.231813,0.168425
193,51.280000,1.364251,20|21|74|1|83|81|31|30|95|23,85.100000,74,100.000000,0,0.640500,0.960578,0.971192,0.640500,0.960578,0.971192,0.640500,0.960578,0.971192,73,101,0.286479,0.216722
194,56.800000,1.231172,12|1|64|14|66|80|86|30|61|21,92.800000,64,100.000000,0,0.643000,0.994946,0.980084,0.643000,0.994946,0.980084,0.643000,0.994946,0.980084,52,13,0.157719,0.088910
195,49.700000,1.351702,12|50|25|66|15|77|91|62|94|40,83.000000,25,94.000000,0,0.584000,0.964041,0.979130,0.584000,0.964041,0.979130,0.584000,0.964041,0.979130,48,84,0.298398,0.251275
196,48.100000,1.457827,44|50|9|11|72|30|58|62|67|59,87.900000,9,100.000000,0,0.637750,0.971776,0.981394,0.637750,0.971776,0.981394,0.637750,0.971776,0.981394,47,72,0.310749,0.169702
197,47.880000,1.447087,53|94|84|25|78|96|58|8|99|1,81.600000,25,98.000000,0,0.594000,0.867003,0.981888,0.594000,0.867003,0.981888,0.594000,0.867003,0.981888,38,316,0.430984,0.376843
198,51.130000,1.400247,60|61|38|75|3|41|86|30|62|57,91.300000,60,100.000000,0,0.585250,0.985903,0.977552,0.585250,0.985903,0.977552,0.585250,0.985903,0.977552,53,33,0.192683,0.118420
199,54.550000,1.278370,21|25|42|83|46|67|98|48|91|55,83.900000,25,96.000000,0,0.547500,0.966210,0.979630,0.547500,0.966210,0.979630,0.547500,0.966210,0.979630,44,74,0.306633,0.252439
200,49.600000,1.415494,55|41|24|4|13|71|26|56|93|82,90.000000,4,97.000000,1,0.624500,0.982786,0.975755,0.664500,0.934161,0.986884,0.634500,0.975571,0.984102,40,62,0.223985,0.131008
201,57.080000,1.213274,28|58|65|85|40|13|73|62|21|64,87.600000,64,100.000000,1,0.595000,0.976471,0.978526,0.628500,0.943914,0.999158,0.605250,0.971912,0.990737,22,68,0.286095,0.143447
202,45.690000,1.516084,94|42|11|6|62|84|77|22|95|36,84.100000,62,98.000000,1,0.582500,0.950215,0.958027,0.631250,0.907723,0.991778,0.607750,0.938708,0.987451,29,149,0.310960,0.186731
203,51.130000,1.422595,89|94|11|32|34|46|25|88|1|44,91.200000,88,100.000000,1,0.625750,0.986017,0.979365,0.650250,0.958862,0.989683,0.636000,0.980346,0.989683,26,50,0.192510,0.121026
204,49.830000,1.460840,28|24|52|32|7|63|19|43|99|98,84.100000,52,99.000000,1,0.659500,0.924564,0.968626,0.693500,0.891132,0.981732,0.671750,0.921474,0.983320,42,211,0.445194,0.265886
205,47.700000,1.492158,91|52|50|3|8|59|24|60|18|26,88.000000,60,100.000000,1,0.692250,0.978332,0.984017,0.715000,0.959091,0.996368,0.699000,0.975322,0.990556,26,69,0.223187,0.123228
206,51.270000,1.364039,66|72|42|76|73|90|43|53|48|83,90.600000,90,96.000000,1,0.493250,0.967562,0.985545,0.525750,0.912981,0.991224,0.499250,0.959439,0.989158,21,81,0.261111,0.150199
207,45.280000,1.556925,97|22|52|2|5|84|59|75|24|34,87.300000,2,100.000000,1,0.643250,0.970851,0.978840,0.674750,0.943312,0.997649,0.654000,0.964832,0.989028,28,92,0.234496,0.166338
208,48.250000,1.485395,92|63|36|44|15|10|27|11|53|25,88.000000,25,98.000000,1,0.674250,0.988135,0.951786,0.727000,0.957015,0.993929,0.695750,0.984549,0.978571,60,43,0.247968,0.136369
209,50.480000,1.382061,20|0|62|36|95|3|51|89|8|12,87.000000,0,100.000000,1,0.709750,0.963367,0.976786,0.719750,0.944772,0.971429,0.718750,0.960696,0.986429,38,113,0.262956,0.200102
210,52.350000,1.337375,39|91|83|28|41|71|19|27|74|66,86.500000,74,100.000000,1,0.567000,0.979277,0.974123,0.605750,0.938093,0.996930,0.580250,0.973718,0.991228,20,61,0.249040,0.159102
211,53.190000,1.325304,0|38|65|82|44|6|80|12|57|79,89.900000,0,100.000000,1,0.609500,0.982773,0.950040,0.624000,0.951522,0.941713,0.613750,0.980041,0.954005,116,49,0.222511,0.128520
212,52.670000,1.332594,2|31|80|8|55|32|98|74|96|91,85.600000,2,100.000000,1,0.568250,0.943247,0.979443,0.594250,0.920067,0.999086,0.574500,0.943429,0.990407,21,130,0.402134,0.254864
213,45.570000,1.543215,95|5|55|16|43|23|76|63|62|34,87.900000,62,97.000000,1,0.625750,0.962445,0.966306,0.662500,0.924151,0.982351,0.637000,0.957614,0.978740,53,108,0.312347,0.204046
214,52.800000,1.321122,41|65|83|78|34|20|82|99|21|14,81.200000,14,95.000000,1,0.603500,0.907208,0.958005,0.624250,0.870645,0.951006,0.607250,0.906134,0.962817,85,228,0.388219,0.277463
215,45.560000,1.497805,43|20|93|41|39|1|95|63|16|2,87.300000,2,100.000000,1,0.675750,0.969293,0.976883,0.713000,0.939341,0.998881,0.687250,0.967625,0.991797,22,89,0.279639,0.199740
216,54.720000,1.276055,67|70|63|60|12|20|74|65|48|6,88.700000,60,100.000000,1,0.607500,0.983539,0.975112,0.639250,0.957372,0.998776,0.618000,0.977751,0.986128,34,55,0.210672,0.165583
217,51.200000,1.356543,95|41|6|23|93|26|60|14|43|31,88.100000,60,100.000000,1,0.659750,0.978780,0.985502,0.686500,0.953387,0.998855,0.665500,0.977085,0.992369,20,61,0.194326,0.140366
218,55.980000,1.258117,11|52|62|87|34|57|61|64|22|48,89.500000,61,100.000000,1,0.600250,0.977926,0.973870,0.631500,0.951702,0.997097,0.614000,0.971091,0.989216,26,71,0.232444,0.183926
219,51.170000,1.337446,75|18|94|48|58|46|98|28|56|92,87.800000,18,96.000000,1,0.527750,0.948366,0.979931,0.569750,0.893813,0.997063,0.532000,0.950658,0.990210,20,105,0.285950,0.326518
220,45.220000,1.520893,86|71|74|4|23|19|29|3|36|35,95.300000,74,100.000000,1,0.692500,0.995307,0.988526,0.701250,0.977540,0.983148,0.697000,0.994261,0.993905,17,16,0.112620,0.054713
221,49.350000,1.427615,6|19|78|80|52|31|43|85|2|25,92.200000,80,100.000000,1,0.662250,0.983767,0.981175,0.686250,0.963934,0.996235,0.672750,0.981048,0.993976,16,51,0.236437,0.112587
222,50.920000,1.387309,52|34|5|85|49|19|39|9|35|7,89.900000,9,100.000000,1,0.729000,0.989369,0.982629,0.758250,0.966370,0.998297,0.739250,0.985796,0.992847,21,42,0.183284,0.127022
223,53.200000,1.334481,54|28|50|72|74|51|46|32|21|15,84.300000,74,100.000000,1,0.649500,0.969207,0.973705,0.676500,0.954915,0.999227,0.667000,0.963643,0.994200,15,97,0.315826,0.198409
224,51.100000,1.363467,50|94|90|68|69|16|89|87|5|24,83.300000,16,96.000000,1,0.545250,0.953232,0.985308,0.594750,0.874317,0.985782,0.550500,0.945050,0.986256,29,121,0.332183,0.254466
225,51.450000,1.364247,86|49|62|59|10|42|1|68|83|90,91.700000,1,98.000000,1,0.556750,0.978895,0.971480,0.608500,0.912490,0.989750,0.563500,0.974268,0.978610,48,58,0.294512,0.146845
226,50.070000,1.418895,57|49|27|34|0|56|38|67|88|5,84.700000,0,100.000000,1,0.658750,0.984440,0.976289,0.640500,0.960187,0.925856,0.664500,0.979308,0.979676,54,55,0.201029,0.170736
227,51.000000,1.387659,93|40|21|95|96|6|52|55|48|42,82.400000,52,99.000000,1,0.586750,0.937793,0.978657,0.636250,0.880943,0.996888,0.598000,0.930602,0.989773,23,166,0.442840,0.308090
228,56.410000,1.238501,9|69|49|79|57|47|60|24|12|41,86.700000,9,100.000000,1,0.638250,0.981982,0.973592,0.646250,0.960155,0.963883,0.640500,0.978532,0.973592,68,55,0.217745,0.159054
229,52.810000,1.316918,15|12|69|34|67|96|74|42|54|88,87.100000,74,100.000000,1,0.574000,0.950784,0.973684,0.600000,0.930417,0.995986,0.578500,0.953328,0.983943,36,108,0.273409,0.178835
230,57.130000,1.244076,69|84|50|99|23|97|73|76|44|78,76.700000,76,96.000000,1,0.511500,0.856305,0.979866,0.529250,0.844119,0.999441,0.521000,0.854607,0.996085,7,303,0.476686,0.330262
231,50.310000,1.388495,55|90|64|81|91|57|87|75|94|61,88.400000,64,100.000000,1,0.411500,0.946537,0.981727,0.445750,0.890073,1.000000,0.417000,0.940647,0.988658,18,99,0.275569,0.187994
232,48.640000,1.470722,49|76|32|95|28|93|59|86|30|35,89.600000,76,97.000000,1,0.543750,0.965057,0.981759,0.590250,0.904701,0.999065,0.554500,0.956718,0.992516,16,96,0.273026,0.190120
233,51.790000,1.377677,13|54|69|73|31|99|12|72|24|51,81.200000,13,97.000000,1,0.651000,0.909370,0.981758,0.660250,0.903446,0.989221,0.654250,0.910967,0.988391,28,233,0.363222,0.263403
234,54.580000,1.324050,48|69|29|54|60|49|32|36|31|13,87.000000,29,100.000000,1,0.656500,0.982102,0.970278,0.682000,0.962243,0.987585,0.664000,0.979292,0.978555,57,55,0.199064,0.188912
235,51.090000,1.348257,42|18|94|27|3|36|55|5|50|72,86.100000,3,99.000000,1,0.686500,0.971231,0.981597,0.710750,0.946535,0.990431,0.693500,0.967195,0.987486,34,91,0.228369,0.163184
236,54.920000,1.272573,45|77|10|41|64|73|97|93|29|35,87.800000,64,100.000000,1,0.558250,0.957456,0.972260,0.588500,0.929482,0.994998,0.569500,0.951273,0.985448,32,111,0.253654,0.163826
237,55.370000,1.262841,91|21|37|99|17|22|3|28|44|89,79.600000,3,99.000000,1,0.674750,0.925157,0.974629,0.697500,0.907885,0.988681,0.682500,0.924542,0.985168,38,206,0.357052,0.276896
238,55.470000,1.323594,71|83|63|21|66|61|45|5|13|4,92.500000,61,100.000000,1,0.654250,0.984333,0.982831,0.689250,0.946318,0.995422,0.661000,0.979955,0.988554,30,53,0.193918,0.123619
239,40.870000,1.598655,98|50|30|60|48|0|21|78|7|99,79.800000,60,100.000000,1,0.655500,0.906178,0.976974,0.660750,0.894438,0.972039,0.668750,0.903551,0.993832,15,258,0.410684,0.299799
240,48.210000,1.510996,31|76|62|45|55|61|1|38|70|85,91.500000,61,100.000000,1,0.576500,0.985256,0.977204,0.614500,0.945077,0.999140,0.585000,0.979487,0.985806,33,48,0.252097,0.140370
241,54.040000,1.307494,33|84|20|55|59|1|93|64|80|36,92.300000,64,100.000000,1,0.583250,0.975997,0.979776,0.615500,0.943948,1.000000,0.593250,0.971344,0.991824,19,68,0.250416,0.127462
242,47.180000,1.439548,89|43|37|84|61|62|48|64|73|2,91.200000,61,100.000000,1,0.552500,0.982805,0.985481,0.579500,0.949957,0.999093,0.559500,0.976765,0.991833,18,52,0.215549,0.125901
243,54.210000,1.298032,5|67|83|60|1|3|51|98|59|50,89.200000,60,100.000000,1,0.629750,0.967447,0.983851,0.656500,0.936405,0.992733,0.636500,0.963865,0.990715,23,92,0.289048,0.168205
244,51.180000,1.371947,5|36|49|54|57|18|72|17|16|24,88.400000,36,96.000000,1,0.728000,0.976648,0.983743,0.738250,0.962411,0.983051,0.732250,0.974394,0.987202,37,75,0.226075,0.156945
245,45.570000,1.558038,62|7|79|72|15|63|30|71|89|42,85.700000,62,98.000000,1,0.582750,0.966538,0.976170,0.610500,0.925880,0.979636,0.590500,0.961473,0.983969,37,91,0.263856,0.219913
246,50.590000,1.391387,91|10|16|52|5|57|62|7|40|42,87.800000,52,97.000000,1,0.696500,0.978464,0.980576,0.711500,0.963106,0.985971,0.702750,0.976877,0.987770,34,65,0.245992,0.184901
247,55.490000,1.254929,82|44|40|86|60|68|47|51|41|49,89.300000,60,100.000000,1,0.544250,0.977033,0.973010,0.555250,0.930662,0.945563,0.547500,0.971689,0.973468,58,62,0.301488,0.136819
248,51.540000,1.360261,81|39|69|59|0|43|97|64|2|90,84.400000,0,100.000000,1,0.586250,0.950959,0.984982,0.598000,0.925585,0.977915,0.594750,0.948298,0.996466,8,123,0.277600,0.262519
249,52.130000,1.343924,79|11|69|91|95|36|53|4|55|32,84.300000,4,97.000000,1,0.590750,0.960220,0.976334,0.634500,0.909771,0.993546,0.599250,0.954526,0.984509,36,109,0.262913,0.236105
250,53.530000,1.323977,90|52|64|15|62|45|11|95|9|14,91.200000,64,100.000000,1,0.637500,0.980784,0.984258,0.664250,0.954836,0.998426,0.642750,0.978219,0.989768,26,56,0.193854,0.131631
251,53.720000,1.281513,28|48|1|45|19|62|49|51|3|96,85.500000,1,98.000000,1,0.671750,0.982136,0.970935,0.711000,0.944796,0.988595,0.679500,0.979765,0.979765,55,55,0.258650,0.257528
252,54.030000,1.318216,74|85|61|37|79|43|95|42|32|66,90.900000,74,100.000000,1,0.513750,0.976156,0.983816,0.542750,0.936435,0.997057,0.521750,0.969334,0.992153,16,64,0.217778,0.145400
253,45.750000,1.510409,36|18|53|2|11|28|14|58|90|83,92.800000,2,100.000000,1,0.686250,0.987614,0.986895,0.720000,0.950694,0.996724,0.695000,0.982014,0.993811,17,50,0.217464,0.093296
254,50.930000,1.403749,11|24|60|2|91|78|4|87|28|32,87.000000,60,100.000000,1,0.677500,0.968635,0.983146,0.694750,0.955380,0.994382,0.687250,0.964351,0.992884,19,98,0.283052,0.174208
255,49.440000,1.492256,83|32|45|64|69|28|94|72|63|74,88.200000,64,100.000000,1,0.516250,0.955448,0.982081,0.547250,0.917771,1.000000,0.524750,0.949976,0.992534,15,105,0.270714,0.185010
256,45.730000,1.512210,56|12|21|83|25|14|58|9|6|75,92.500000,9,100.000000,1,0.710500,0.991203,0.986690,0.737750,0.964419,0.996848,0.717500,0.987108,0.992294,22,37,0.168501,0.106872
257,55.600000,1.253753,39|61|73|13|11|81|53|46|21|64,86.800000,61,100.000000,1,0.624250,0.985983,0.974663,0.646000,0.967492,0.989707,0.632250,0.982602,0.983769,41,44,0.179181,0.150639
258,52.570000,1.315894,50|87|71|56|46|22|20|28|65|94,86.700000,71,96.000000,1,0.582000,0.958333,0.979368,0.620250,0.916969,0.998683,0.592750,0.952341,0.991220,20,113,0.339332,0.195802
259,47.080000,1.504596,14|36|24|97|15|22|41|0|16|62,88.500000,0,100.000000,1,0.739250,0.974298,0.974298,0.748000,0.962233,0.973622,0.752000,0.972074,0.988840,33,84,0.218767,0.140380
260,55.160000,1.294432,90|71|16|47|51|19|61|83|1|18,93.100000,61,100.000000,1,0.627250,0.986050,0.973632,0.665750,0.948554,0.994097,0.636750,0.983510,0.985832,36,42,0.188281,0.106023
261,51.070000,1.366267,12|98|66|9|25|64|57|29|42|82,90.900000,9,100.000000,1,0.623500,0.979150,0.994300,0.648250,0.946394,0.999186,0.630000,0.971032,0.996336,9,73,0.198086,0.127412
262,49.660000,1.377878,49|48|98|45|40|99|6|85|1|64,80.400000,64,100.000000,1,0.580000,0.913793,0.924956,0.608750,0.885010,0.940227,0.589000,0.910017,0.935428,148,212,0.336684,0.246739
263,50.810000,1.377142,68|47|46|39|53|24|17|64|56|82,88.600000,64,100.000000,1,0.604250,0.981796,0.981390,0.638500,0.944792,0.997932,0.612250,0.976725,0.989247,26,57,0.202245,0.176446
264,50.920000,1.376946,95|41|24|21|3|71|48|81|23|22,83.700000,3,100.000000,1,0.630250,0.977390,0.936526,0.666750,0.937758,0.950589,0.639500,0.971071,0.944128,147,74,0.209171,0.122603
265,54.120000,1.309465,63|73|31|42|52|33|12|66|56|62,88.200000,52,100.000000,1,0.612500,0.978776,0.984401,0.638000,0.949451,0.994663,0.620250,0.975413,0.993432,16,61,0.218369,0.220340
266,48.770000,1.437093,42|19|38|65|96|20|90|35|8|15,89.000000,90,96.000000,1,0.662750,0.978499,0.985188,0.690750,0.943178,0.989746,0.671250,0.971695,0.990885,24,76,0.319642,0.139935
267,47.820000,1.408584,18|56|79|45|39|13|33|78|50|3,85.000000,3,100.000000,1,0.674000,0.969585,0.975373,0.699250,0.947801,0.989179,0.685500,0.963166,0.985448,39,101,0.294211,0.207253
268,56.100000,1.252307,82|77|46|17|29|19|78|66|28|39,87.200000,29,100.000000,1,0.619000,0.975767,0.979724,0.654250,0.942300,1.000000,0.630000,0.970635,0.991890,20,74,0.236845,0.161126
269,52.040000,1.359131,43|97|29|37|91|61|21|77|81|13,84.800000,29,100.000000,1,0.575250,0.953933,0.978164,0.599000,0.935726,0.999109,0.584250,0.951647,0.991087,20,113,0.253409,0.182837
270,48.090000,1.544413,8|80|84|87|13|27|74|11|26|33,88.700000,80,100.000000,1,0.645000,0.982946,0.980286,0.666500,0.964366,0.993815,0.656250,0.976381,0.990723,24,62,0.210315,0.139695
271,51.890000,1.413034,46|53|43|34|15|98|9|77|2|28,90.900000,9,100.000000,1,0.666250,0.983865,0.967885,0.707500,0.956890,0.999631,0.678500,0.980103,0.981912,49,54,0.183747,0.167866
272,51.220000,1.410225,8|96|47|52|24|16|39|81|63|22,89.200000,52,99.000000,1,0.642750,0.981719,0.981719,0.681250,0.937248,0.993388,0.653000,0.974349,0.989887,26,67,0.271045,0.185771
273,53.700000,1.349520,0|10|2|77|38|79|80|41|39|61,90.100000,0,100.000000,1,0.653750,0.987763,0.979522,0.676750,0.973772,0.999621,0.665500,0.984222,0.993553,17,42,0.213524,0.138086
274,49.530000,1.456838,31|66|82|98|49|58|88|15|20|84,88.000000,88,100.000000,1,0.528500,0.975875,0.976337,0.575250,0.918296,1.000000,0.539750,0.967114,0.988168,25,71,0.305674,0.137292
275,54.550000,1.303150,65|71|87|80|29|73|1|57|20|35,89.900000,80,100.000000,1,0.597750,0.971560,0.990618,0.619500,0.943099,0.996588,0.603250,0.967261,0.995309,11,79,0.268184,0.139285
276,52.730000,1.346308,29|21|38|31|7|75|36|17|15|47,89.300000,29,100.000000,1,0.740000,0.989527,0.978944,0.766250,0.973573,0.997326,0.751250,0.986356,0.990642,28,41,0.192976,0.121259
277,47.070000,1.528247,36|29|84|72|95|99|28|86|39|38,83.600000,29,100.000000,1,0.568500,0.900176,0.990803,0.582750,0.875590,0.987899,0.572000,0.899038,0.995644,9,231,0.350155,0.259595
278,46.160000,1.469524,0|2|21|26|95|91|62|29|25|17,88.700000,0,100.000000,1,0.712500,0.978596,0.987257,0.728250,0.963268,0.993274,0.719000,0.976008,0.993628,18,69,0.195940,0.119936
279,50.370000,1.395486,59|47|6|30|29|44|72|43|75|46,90.800000,29,100.000000,1,0.642500,0.981712,0.985162,0.667500,0.955805,0.996486,0.652250,0.976619,0.994924,13,61,0.196869,0.112361
280,49.830000,1.388706,66|43|17|21|36|49|47|99|59|9,84.900000,9,100.000000,1,0.679750,0.933064,0.984096,0.701000,0.919044,0.999612,0.690250,0.928287,0.994182,15,198,0.315068,0.232337
281,55.280000,1.287172,56|30|81|8|31|27|55|73|45|90,88.300000,8,97.000000,1,0.599500,0.977898,0.971014,0.645000,0.931395,0.995031,0.612750,0.971440,0.985921,34,70,0.274015,0.152541
282,47.040000,1.547172,51|84|42|83|38|26|48|97|64|45,83.500000,64,100.000000,1,0.526750,0.944945,0.923898,0.556000,0.910971,0.940139,0.533500,0.941425,0.932251,146,125,0.279501,0.164839
283,50.600000,1.461799,73|52|58|56|3|84|62|67|1|14,93.900000,52,99.000000,1,0.630250,0.984133,0.992003,0.656500,0.946687,0.994002,0.634250,0.980292,0.994402,14,50,0.150611,0.097474
284,54.140000,1.275991,81|78|43|8|60|21|91|53|86|72,84.100000,60,100.000000,1,0.546000,0.953297,0.988604,0.566250,0.929360,0.999525,0.550250,0.951386,0.994302,12,107,0.270580,0.220075
285,58.370000,1.204610,60|5|57|78|42|46|4|24|27|51,86.100000,60,100.000000,1,0.687000,0.974891,0.976668,0.682500,0.963370,0.958804,0.682250,0.972517,0.967554,89,75,0.199366,0.141023
286,51.770000,1.363012,45|98|20|96|68|79|1|67|2|99,80.000000,2,100.000000,1,0.581000,0.900602,0.967190,0.597750,0.864910,0.955638,0.584500,0.896493,0.968577,68,242,0.357920,0.316969
287,53.930000,1.325957,98|7|17|8|84|52|80|88|66|6,91.500000,80,100.000000,1,0.597250,0.983257,0.984906,0.625000,0.946400,0.992034,0.603500,0.980116,0.992034,19,48,0.218586,0.088986
288,52.520000,1.373108,92|26|41|6|57|3|36|74|71|32,93.600000,74,100.000000,1,0.650750,0.990012,0.990392,0.671750,0.960551,0.991929,0.654750,0.987400,0.993851,16,33,0.138605,0.081970
289,50.580000,1.401319,10|9|77|50|65|5|46|88|39|30,87.400000,9,100.000000,1,0.667000,0.978261,0.980466,0.690750,0.963446,1.000000,0.680000,0.974632,0.995868,11,69,0.232245,0.151158
290,45.170000,1.517069,75|95|16|76|37|33|28|66|81|25,89.700000,25,97.000000,1,0.576250,0.973536,0.975652,0.612750,0.929009,0.990000,0.585250,0.967108,0.984348,36,77,0.250410,0.154385
291,46.530000,1.641918,58|20|15|89|52|4|98|74|56|62,88.100000,74,100.000000,1,0.573500,0.976896,0.968035,0.613250,0.940481,0.996544,0.594250,0.968868,0.994816,12,74,0.242741,0.171059
292,54.330000,1.287903,5|2|86|75|71|94|37|56|82|50,90.400000,2,100.000000,1,0.562000,0.972865,0.986468,0.596500,0.929170,1.000000,0.568500,0.970536,0.995489,10,67,0.214848,0.126172
293,47.680000,1.489122,87|14|47|52|85|92|18|88|32|65,92.000000,88,100.000000,1,0.544000,0.973346,0.986034,0.577250,0.925942,0.995345,0.552500,0.964706,0.992551,16,78,0.237557,0.118780
294,49.180000,1.409529,46|20|23|0|16|89|26|93|40|85,89.000000,0,100.000000,1,0.655750,0.979032,0.987313,0.680750,0.943445,0.987697,0.664000,0.974021,0.994617,14,69,0.227013,0.146923
295,59.740000,1.155693,75|19|73|85|58|59|33|60|25|97,87.600000,60,100.000000,1,0.548500,0.958523,0.985012,0.578250,0.922179,0.999063,0.555500,0.955446,0.994379,12,99,0.223064,0.133920
296,54.580000,1.296314,71|86|15|99|46|66|38|49|62|17,86.800000,46,98.000000,1,0.597250,0.921725,0.979973,0.639250,0.876809,0.997775,0.609250,0.915880,0.993324,15,205,0.350004,0.208415
297,53.230000,1.344151,4|18|66|45|17|22|77|53|51|10,86.800000,4,99.000000,1,0.704000,0.979759,0.970795,0.725750,0.957286,0.977833,0.715500,0.979036,0.985925,40,60,0.204968,0.179730
298,57.590000,1.244675,70|28|3|27|67|11|94|93|32|30,87.300000,3,98.000000,1,0.641750,0.975847,0.983124,0.680250,0.933848,0.997253,0.651000,0.970814,0.992151,20,76,0.251731,0.175756
299,51.540000,1.414626,46|18|69|33|21|97|89|78|74|2,82.700000,74,100.000000,1,0.601250,0.951767,0.987063,0.616500,0.933901,0.993100,0.608250,0.945746,0.992238,18,132,0.277997,0.198118
300,52.890000,1.338575,53|75|57|49|79|29|35|12|85|74,88.800000,29,100.000000,1,0.561750,0.981753,0.980009,0.576250,0.945336,0.968014,0.561500,0.976848,0.974678,57,52,0.227905,0.153470
301,54.270000,1.309269,21|23|18|3|2|10|59|63|42|22,91.400000,2,100.000000,1,0.790500,0.987982,0.987670,0.814500,0.970227,0.999368,0.796500,0.986503,0.993677,20,43,0.149282,0.102311
302,39.410000,1.718544,91|81|47|64|2|12|87|58|7|68,91.300000,64,100.000000,1,0.598250,0.969076,0.986809,0.623750,0.941483,0.999574,0.603750,0.966460,0.993191,16,81,0.233302,0.135878
303,56.930000,1.210908,34|27|82|98|66|53|35|94|3|6,88.000000,3,97.000000,1,0.606500,0.976505,0.982580,0.649000,0.919106,0.989631,0.614500,0.970301,0.989216,26,73,0.236738,0.168183
304,56.060000,1.259033,87|58|56|11|19|74|81|73|1|4,91.100000,74,100.000000,1,0.636750,0.974480,0.984921,0.657000,0.953577,0.994444,0.642500,0.970817,0.990079,25,75,0.203343,0.120903
305,54.600000,1.292038,34|47|16|82|99|73|67|76|70|13,89.500000,47,97.000000,1,0.574250,0.922508,0.981928,0.613500,0.873676,0.993513,0.582000,0.914089,0.986098,30,200,0.269579,0.186966
306,50.580000,1.414019,94|43|28|29|67|39|62|86|84|46,90.900000,29,100.000000,1,0.550250,0.972285,0.992579,0.575750,0.935302,0.999072,0.555000,0.967568,0.996289,8,72,0.198778,0.121918
307,50.700000,1.412691,71|86|24|38|94|10|11|90|23|46,91.300000,46,98.000000,1,0.603500,0.983430,0.978566,0.656000,0.923399,0.998763,0.612750,0.981640,0.991756,20,45,0.235969,0.102654
308,56.180000,1.239819,34|9|40|0|11|75|80|79|3|26,89.100000,9,100.000000,1,0.706750,0.989034,0.977281,0.723500,0.974775,0.986019,0.716750,0.984653,0.986718,38,44,0.184226,0.097396
309,54.580000,1.261340,71|36|90|24|49|91|92|17|31|58,80.300000,71,98.000000,1,0.558500,0.977171,0.985553,0.609000,0.903941,0.994131,0.565500,0.973917,0.994582,12,59,0.228552,0.134449
310,53.980000,1.306393,20|38|63|33|14|8|86|41|37|56,91.200000,14,94.000000,1,0.681250,0.985321,0.981001,0.712000,0.954705,0.993423,0.689250,0.985129,0.992327,21,41,0.191032,0.122979
311,42.810000,1.642224,4|9|7|56|72|77|5|36|41|71,92.600000,9,100.000000,1,0.706250,0.982655,0.993558,0.724250,0.962030,0.997495,0.710250,0.979937,0.996421,10,57,0.158757,0.090751
312,58.240000,1.210065,65|88|68|74|17|51|93|76|71|4,89.700000,88,100.000000,1,0.525500,0.968601,0.987391,0.560000,0.918304,0.997575,0.530500,0.965127,0.993210,14,74,0.253159,0.178671
313,57.910000,1.204881,65|99|62|5|64|3|85|60|35|76,90.200000,64,100.000000,1,0.597000,0.926298,0.991928,0.620000,0.894355,0.994619,0.602750,0.918706,0.993274,15,196,0.262478,0.183845
314,54.700000,1.302410,67|32|75|57|87|30|46|18|37|16,86.300000,46,97.000000,1,0.624500,0.975180,0.968588,0.652000,0.953221,0.988469,0.639000,0.971440,0.987276,32,73,0.220603,0.175529
315,51.680000,1.399887,7|42|23|2|51|26|47|48|21|38,86.800000,2,100.000000,1,0.726500,0.986235,0.946499,0.747750,0.968907,0.957067,0.734500,0.981961,0.952774,143,53,0.157807,0.096334
316,52.310000,1.373711,80|14|43|47|17|23|65|98|86|1,88.900000,80,100.000000,1,0.622500,0.979518,0.980700,0.647750,0.952914,0.992762,0.630000,0.977381,0.990350,24,57,0.216875,0.136718
317,56.540000,1.246676,92|53|46|15|67|64|6|79|27|19,84.400000,64,100.000000,1,0.625000,0.984400,0.981651,0.657000,0.953957,1.000000,0.635250,0.981503,0.994815,13,47,0.208691,0.166897
318,57.100000,1.239533,48|41|67|57|19|4|83|51|22|29,82.400000,29,100.000000,1,0.640000,0.976953,0.940933,0.666000,0.947823,0.949962,0.648750,0.971098,0.948081,138,75,0.226982,0.137692
319,51.110000,1.426357,49|62|24|4|93|26|12|31|42|18,91.300000,4,99.000000,1,0.713500,0.986685,0.988070,0.739500,0.954023,0.990175,0.720250,0.981257,0.991930,23,54,0.172067,0.100716
320,52.870000,1.316878,69|51|54|18|71|96|8|92|55|17,87.500000,71,97.000000,1,0.579500,0.967213,0.972668,0.617000,0.932334,0.998265,0.590000,0.963559,0.986551,31,86,0.338502,0.135467
321,53.330000,1.353331,29|43|78|74|4|79|54|51|72|67,82.800000,29,100.000000,1,0.547500,0.958904,0.936246,0.563500,0.937001,0.941596,0.551750,0.954690,0.939367,136,100,0.205471,0.152892
322,51.770000,1.371525,8|43|37|91|15|65|69|82|2|20,86.300000,2,100.000000,1,0.659500,0.969674,0.975963,0.692000,0.946893,1.000000,0.671000,0.968331,0.991606,22,85,0.291598,0.161021
323,55.990000,1.251316,55|13|12|20|42|62|50|6|5|66,90.300000,13,98.000000,1,0.741750,0.983485,0.991505,0.751250,0.968719,0.989127,0.744250,0.979845,0.991165,26,60,0.181952,0.116385
324,47.100000,1.438205,50|24|1|51|63|5|75|85|70|57,84.900000,85,98.000000,1,0.594250,0.971393,0.937475,0.604250,0.957385,0.939505,0.597750,0.969469,0.941129,145,73,0.187658,0.122568
325,54.910000,1.271153,32|52|7|23|48|86|24|70|64|49,88.300000,64,100.000000,1,0.608500,0.988085,0.943507,0.628500,0.962609,0.949392,0.612000,0.987337,0.948215,132,31,0.146065,0.068734
326,53.480000,1.343628,1|11|81|92|4|34|23|85|69|29,90.500000,29,100.000000,1,0.658500,0.982156,0.982903,0.689750,0.950707,0.996581,0.667750,0.977537,0.992021,21,60,0.211353,0.145081
327,42.660000,1.634549,86|36|96|0|49|25|99|80|8|43,87.600000,0,100.000000,1,0.619000,0.930129,0.987141,0.635750,0.900511,0.981569,0.627500,0.923506,0.993571,15,192,0.286778,0.180077
328,51.740000,1.402543,83|13|64|66|42|60|55|91|11|95,87.200000,64,100.000000,1,0.546250,0.967506,0.984630,0.574250,0.932085,0.997205,0.555750,0.958165,0.992082,17,93,0.264505,0.144035
329,50.640000,1.436951,19|80|3|24|75|92|44|69|45|86,89.400000,80,100.000000,1,0.571500,0.981190,0.981190,0.598500,0.946533,0.991251,0.580750,0.975893,0.991689,19,56,0.220374,0.108593
330,53.720000,1.337855,7|6|82|11|58|34|76|75|52|89,91.400000,6,97.000000,1,0.609500,0.984413,0.985222,0.649500,0.933025,0.995074,0.616000,0.980925,0.992200,19,47,0.169644,0.097725
331,55.410000,1.226095,71|49|69|64|78|6|76|32|16|43,89.200000,64,100.000000,1,0.603250,0.975964,0.984532,0.634000,0.940063,0.996656,0.612750,0.970216,0.994147,14,73,0.215556,0.152906
332,51.800000,1.377355,93|91|89|4|74|32|79|43|85|36,88.100000,74,100.000000,1,0.507500,0.969951,0.983516,0.541250,0.922864,0.998002,0.514000,0.965467,0.991508,17,71,0.261046,0.152651
333,49.660000,1.428426,44|77|73|89|51|93|29|67|49|84,85.500000,29,100.000000,1,0.463750,0.957412,0.931306,0.490250,0.907700,0.933403,0.468000,0.950321,0.932879,128,93,0.252602,0.118151
334,54.420000,1.359725,63|48|26|90|29|88|42|6|32|7,90.100000,29,100.000000,1,0.627500,0.988048,0.944762,0.649250,0.960724,0.950476,0.631500,0.985352,0.948190,136,37,0.115038,0.058377
335,56.310000,1.316257,61|53|84|57|82|54|94|69|23|15,89.200000,61,100.000000,1,0.539250,0.967548,0.988631,0.570250,0.925033,0.999526,0.547500,0.960731,0.996684,7,86,0.201967,0.125624
336,55.150000,1.343315,94|25|29|63|99|6|77|26|44|43,87.400000,29,100.000000,1,0.637250,0.926246,0.989522,0.651500,0.904835,0.988265,0.642750,0.923765,0.995390,11,196,0.270656,0.193525
337,49.240000,1.541067,70|48|79|78|67|22|24|15|1|47,84.300000,70,97.000000,1,0.616000,0.970373,0.933620,0.624000,0.955128,0.930886,0.620750,0.968586,0.939086,156,78,0.186440,0.146612
338,50.170000,1.448127,65|55|8|51|40|3|29|89|82|43,83.600000,29,100.000000,1,0.605750,0.971936,0.936010,0.634750,0.941709,0.950318,0.614250,0.968661,0.945946,136,77,0.193342,0.125075
339,54.750000,1.274551,51|99|21|37|85|59|56|30|58|25,82.100000,25,97.000000,1,0.598500,0.912281,0.934932,0.620500,0.888396,0.943921,0.603750,0.910973,0.941781,136,215,0.306446,0.232448
340,50.710000,1.456849,11|98|22|70|66|80|7|40|15|77,89.500000,80,100.000000,1,0.608250,0.981504,0.975889,0.650250,0.939639,0.998774,0.621750,0.975472,0.991418,21,61,0.213424,0.133588
341,50.490000,1.414793,89|36|16|6|44|77|17|83|59|9,90.700000,9,100.000000,1,0.653250,0.985075,0.986207,0.679500,0.956586,0.996169,0.660500,0.980318,0.992337,20,52,0.190580,0.099882
342,55.860000,1.264527,51|70|35|28|92|11|87|45|84|59,79.300000,70,98.000000,1,0.521500,0.964046,0.912018,0.566000,0.912102,0.936508,0.529500,0.958924,0.921088,174,87,0.210858,0.213109
343,55.180000,1.313858,32|57|7|52|95|35|83|91|78|58,84.600000,52,100.000000,1,0.548750,0.956264,0.989161,0.590000,0.894492,0.994816,0.552500,0.952941,0.992460,16,104,0.235214,0.156703
344,53.770000,1.356045,12|19|81|80|59|90|39|79|63|73,86.600000,80,100.000000,1,0.524250,0.979495,0.977630,0.554500,0.940487,0.992861,0.529750,0.975932,0.984293,33,51,0.189605,0.176577
345,52.270000,1.344475,76|90|43|53|58|56|29|35|24|49,91.400000,29,100.000000,1,0.595750,0.982375,0.990690,0.628750,0.939165,0.999577,0.602250,0.978414,0.997461,6,52,0.151080,0.077424
346,54.910000,1.293235,55|5|67|68|92|77|95|40|41|93,86.300000,68,97.000000,1,0.508000,0.959154,0.985837,0.549500,0.893995,0.993930,0.517000,0.949226,0.992919,14,105,0.280242,0.177205
347,48.610000,1.486243,14|2|39|51|11|92|46|13|56|74,88.300000,2,100.000000,1,0.656500,0.986291,0.948371,0.673000,0.966939,0.953131,0.660750,0.983731,0.952032,131,43,0.128644,0.082747
348,53.000000,1.304048,75|77|27|11|74|49|55|65|9|76,88.700000,74,100.000000,1,0.590250,0.977552,0.983802,0.619250,0.946306,0.999147,0.599500,0.970809,0.992327,18,70,0.193529,0.126810
349,52.780000,1.356733,29|21|14|31|48|59|78|9|20|93,86.600000,29,100.000000,1,0.660000,0.975379,0.947039,0.674500,0.957746,0.950349,0.664000,0.971762,0.949246,138,75,0.186760,0.104111
350,47.850000,1.466277,92|42|34|31|95|78|63|9|99|19,82.500000,9,100.000000,1,0.597250,0.909586,0.984594,0.620750,0.888441,0.999547,0.606500,0.903957,0.993657,14,233,0.345292,0.230760
351,54.720000,1.277604,60|45|85|95|41|34|89|71|49|56,88.400000,60,100.000000,1,0.509750,0.963708,0.981028,0.547000,0.913620,0.998003,0.518500,0.955641,0.989516,21,92,0.243226,0.138683
352,48.050000,1.531933,86|81|15|52|6|4|12|20|56|72,88.700000,86,99.000000,1,0.683250,0.979144,0.987454,0.699750,0.962844,0.994465,0.686750,0.978886,0.992251,21,58,0.174048,0.109127
353,53.420000,1.317357,53|21|54|59|2|66|51|7|22|24,88.000000,2,100.000000,1,0.688250,0.984381,0.948880,0.711250,0.959227,0.955532,0.693500,0.981255,0.953081,134,52,0.147635,0.072100
354,48.150000,1.544570,24|61|5|12|31|23|84|99|6|72,85.500000,61,100.000000,1,0.710500,0.931386,0.991386,0.718000,0.920265,0.989888,0.714750,0.928646,0.994382,15,204,0.280015,0.195432
355,55.020000,1.259120,34|82|69|61|62|47|96|83|22|73,91.900000,61,100.000000,1,0.508000,0.968012,0.987450,0.548750,0.906606,0.998996,0.515500,0.959748,0.993474,13,83,0.228167,0.119219
356,55.420000,1.254654,40|83|57|20|44|93|63|31|47|35,86.000000,47,96.000000,1,0.598750,0.971608,0.985182,0.627000,0.931419,0.988992,0.604750,0.968169,0.991533,20,77,0.235785,0.188104
357,56.300000,1.283799,99|70|2|62|54|79|68|81|92|61,87.400000,2,100.000000,1,0.505000,0.907921,0.982325,0.528500,0.868023,0.982860,0.509250,0.906235,0.988752,21,191,0.247127,0.211223
358,50.550000,1.431378,34|53|95|8|31|41|29|50|35|20,87.800000,29,100.000000,1,0.692000,0.979046,0.990497,0.714500,0.957313,1.000000,0.699750,0.973562,0.995980,11,74,0.178689,0.117914
359,58.870000,1.174764,58|11|35|90|37|43|36|9|73|63,91.900000,9,100.000000,1,0.636750,0.985473,0.985086,0.670250,0.949273,0.998823,0.646000,0.981037,0.994898,13,49,0.177222,0.090105
360,51.220000,1.430315,45|8|73|94|99|88|59|7|13|67,87.400000,88,100.000000,1,0.602500,0.919917,0.991503,0.621000,0.896940,0.996422,0.607250,0.916015,0.995081,11,204,0.242176,0.178184
361,53.550000,1.322775,47|86|92|30|98|33|22|3|52|36,91.100000,52,99.000000,1,0.603250,0.979693,0.982135,0.654000,0.917049,0.996676,0.608750,0.975770,0.987121,31,59,0.190827,0.197391
362,50.130000,1.466914,24|70|77|5|22|63|81|27|37|7,90.100000,70,97.000000,1,0.673250,0.981805,0.985831,0.692500,0.960289,0.991797,0.678250,0.978621,0.989933,27,58,0.169855,0.127310
363,52.710000,1.394519,69|14|56|88|18|3|0|61|93|67,94.600000,88,100.000000,1,0.636000,0.976808,0.992412,0.646000,0.952399,0.982827,0.638750,0.973777,0.993610,16,67,0.183616,0.081430
364,55.640000,1.272718,33|1|14|6|18|3|65|93|34|83,92.700000,1,98.000000,1,0.721000,0.984397,0.984055,0.771000,0.927691,0.991681,0.726500,0.980730,0.987868,35,56,0.157998,0.081326
365,49.850000,1.529646,9|71|97|31|3|44|18|39|90|80,90.100000,9,100.000000,1,0.627250,0.970108,0.988627,0.650750,0.943143,0.997157,0.632000,0.968750,0.994720,13,79,0.170323,0.107559
366,56.090000,1.233729,6|20|41|74|3|90|75|17|11|18,92.300000,74,100.000000,1,0.711750,0.993326,0.986397,0.726000,0.978994,0.991629,0.716750,0.991629,0.991629,24,24,0.141441,0.085017
367,54.280000,1.335300,80|54|47|31|96|34|88|98|39|25,88.900000,80,100.000000,1,0.529750,0.979707,0.983886,0.568500,0.924802,0.996682,0.537750,0.973501,0.992417,16,57,0.161531,0.109484
368,54.370000,1.316526,93|6|77|91|42|67|85|58|28|34,88.800000,85,99.000000,1,0.548750,0.964920,0.987413,0.573750,0.923312,0.987879,0.551250,0.965986,0.993007,15,75,0.199400,0.134920
369,54.720000,1.299746,16|36|26|85|45|71|31|33|98|90,91.800000,90,98.000000,1,0.576250,0.980477,0.981329,0.624250,0.918302,0.995658,0.587000,0.970613,0.989579,24,69,0.212047,0.111094
370,51.470000,1.367211,18|26|23|69|38|5|62|76|81|86,91.400000,18,97.000000,1,0.622000,0.975884,0.989002,0.654500,0.932009,0.993890,0.626250,0.972056,0.991853,20,70,0.190543,0.096765
371,50.890000,1.369926,89|12|69|21|19|47|16|60|37|15,87.800000,60,100.000000,1,0.693750,0.982342,0.983405,0.717250,0.963402,0.997114,0.703000,0.979018,0.993146,19,59,0.216203,0.127621
372,49.040000,1.505355,23|14|17|61|46|16|22|96|79|86,92.000000,61,100.000000,1,0.631000,0.989303,0.986177,0.660750,0.953840,0.995656,0.639750,0.980461,0.990916,23,50,0.260618,0.092416
373,49.840000,1.385713,76|10|59|9|50|54|69|64|30|71,90.800000,9,100.000000,1,0.616750,0.973247,0.988066,0.643250,0.943646,0.999177,0.624000,0.969551,0.995885,10,76,0.214861,0.127645
374,56.970000,1.237804,72|55|49|3|77|31|28|22|69|47,86.600000,3,99.000000,1,0.649000,0.968028,0.983562,0.675250,0.943354,0.997260,0.658250,0.963540,0.992955,18,96,0.221709,0.166584
375,58.340000,1.210356,62|93|78|77|83|63|76|21|82|36,90.500000,62,97.000000,1,0.478250,0.957658,0.986537,0.535000,0.866355,0.998384,0.486500,0.948613,0.994076,11,100,0.227797,0.123013
376,52.080000,1.410639,97|87|66|9|2|52|85|3|51|49,86.900000,9,100.000000,1,0.588250,0.960901,0.941691,0.612250,0.928542,0.947105,0.594000,0.954966,0.945023,132,107,0.186762,0.119379
377,56.730000,1.258656,89|66|0|28|44|47|25|72|19|86,89.500000,0,100.000000,1,0.625750,0.975629,0.984281,0.640250,0.942210,0.972592,0.633750,0.972387,0.993551,16,70,0.187054,0.109299
378,54.320000,1.296916,98|58|86|26|52|44|76|32|45|64,91.000000,64,100.000000,1,0.540000,0.979630,0.986480,0.578500,0.926966,1.000000,0.548750,0.972665,0.995338,10,60,0.221684,0.117303
379,52.240000,1.344335,30|76|12|92|35|56|71|58|81|55,90.500000,76,97.000000,1,0.555250,0.976137,0.989503,0.576250,0.943167,0.992241,0.559750,0.972309,0.993610,14,62,0.175201,0.112972
380,47.220000,1.565807,14|87|82|25|37|27|13|47|43|90,91.400000,47,98.000000,1,0.629000,0.983704,0.983704,0.678250,0.923332,0.995628,0.638250,0.979632,0.994038,15,52,0.179137,0.115519
381,55.430000,1.316919,73|43|94|89|84|67|13|70|25|83,92.800000,70,97.000000,1,0.495250,0.976779,0.990276,0.533250,0.903891,0.986694,0.500000,0.968500,0.991300,17,63,0.192100,0.102925
382,61.560000,1.117416,57|22|55|69|86|43|13|14|49|28,89.000000,13,97.000000,1,0.658000,0.979103,0.987356,0.680000,0.951471,0.991571,0.662250,0.975462,0.990038,26,65,0.180499,0.122633
383,50.140000,1.433189,16|9|33|81|31|40|93|34|95|18,87.000000,9,100.000000,1,0.647750,0.969896,0.980109,0.679000,0.942563,0.998440,0.656750,0.966121,0.989860,26,89,0.230733,0.151347
384,51.410000,1.391973,58|42|17|69|11|31|93|79|99|95,75.800000,58,94.000000,1,0.556500,0.896676,0.948669,0.588250,0.849979,0.950570,0.560500,0.894291,0.952947,99,237,0.344212,0.271969
385,55.720000,1.342636,7|57|34|65|44|12|3|88|79|48,84.200000,88,100.000000,1,0.619250,0.976181,0.927503,0.620000,0.966129,0.919064,0.619750,0.975393,0.927503,189,61,0.222958,0.133028
386,51.350000,1.399989,72|17|39|3|96|27|20|60|95|30,84.200000,60,100.000000,1,0.649500,0.965358,0.989740,0.667750,0.946836,0.998027,0.655750,0.963782,0.997632,6,95,0.520941,0.227933
387,54.410000,1.323476,21|33|77|73|57|14|64|46|97|84,87.000000,64,100.000000,1,0.562250,0.962650,0.986782,0.589500,0.930025,0.999544,0.570750,0.955760,0.994531,12,101,0.251971,0.159978
388,57.380000,1.265430,71|27|69|2|90|38|11|80|61|7,89.800000,2,100.000000,1,0.639000,0.986307,0.990959,0.664250,0.957471,1.000000,0.643500,0.984071,0.995676,11,41,0.131592,0.090510
389,55.270000,1.332980,39|19|57|26|9|40|59|63|73|70,88.900000,9,100.000000,1,0.645500,0.977149,0.989800,0.672250,0.947936,1.000000,0.653000,0.974349,0.998431,4,67,0.197748,0.135284
390,54.580000,1.340552,75|96|36|54|74|80|14|91|93|63,90.600000,74,100.000000,1,0.497000,0.913481,0.986420,0.540250,0.844516,0.991309,0.508250,0.898672,0.992395,14,206,0.318903,0.311304
391,57.870000,1.213990,62|35|34|73|94|56|78|82|98|95,84.300000,62,95.000000,1,0.455750,0.944048,0.987945,0.514250,0.838600,0.990241,0.460000,0.938043,0.990815,16,114,0.252937,0.184395
392,51.050000,1.392791,51|13|95|25|4|91|8|42|11|78,81.700000,25,98.000000,1,0.650750,0.967730,0.944861,0.665000,0.939098,0.936984,0.652000,0.966258,0.945236,146,88,0.170359,0.165852
393,52.200000,1.331326,40|25|76|67|31|44|83|81|19|7,88.200000,25,98.000000,1,0.627750,0.978893,0.987149,0.662500,0.932075,0.991968,0.632500,0.976680,0.992369,19,59,0.191950,0.120604
394,52.410000,1.378610,17|5|81|93|53|80|83|49|12|28,89.000000,80,100.000000,1,0.604250,0.978486,0.985006,0.626750,0.944156,0.985839,0.608500,0.975760,0.989171,26,59,0.203660,0.171282
395,56.650000,1.228086,7|61|69|33|78|92|4|22|77|9,89.900000,61,100.000000,1,0.652250,0.973936,0.992966,0.668750,0.954019,0.997265,0.658000,0.969225,0.996874,8,81,0.201891,0.104039
396,51.080000,1.421120,81|35|37|41|77|26|39|7|8|94,87.300000,26,94.000000,1,0.646250,0.979884,0.981783,0.680750,0.942343,0.994574,0.653250,0.976272,0.988760,29,62,0.166335,0.180708
397,47.250000,1.476088,35|75|7|27|16|36|49|79|25|90,90.800000,25,98.000000,1,0.648500,0.986893,0.985373,0.667750,0.957319,0.984219,0.654000,0.984327,0.991147,23,41,0.154195,0.103894
398,55.780000,1.274556,92|90|14|36|96|28|54|98|52|12,88.300000,90,98.000000,1,0.574750,0.938669,0.992640,0.592500,0.911814,0.994020,0.576500,0.939289,0.996320,8,140,0.273174,0.241129
399,50.430000,1.429783,49|74|82|50|23|77|52|70|4|17,90.600000,74,100.000000,1,0.607250,0.981886,0.989216,0.629750,0.951965,0.994608,0.612500,0.978367,0.994193,14,53,0.151456,0.112577
400,50.690000,1.397350,58|91|84|28|5|2|76|26|49|98,88.700000,2,100.000000,1,0.600250,0.970429,0.991489,0.628750,0.929622,0.994894,0.603500,0.964789,0.991064,21,85,0.230062,0.134254
401,45.820000,1.624394,95|52|55|62|87|72|26|4|2|73,89.000000,4,100.000000,1,0.597000,0.963568,0.994382,0.617500,0.928745,0.991357,0.597500,0.960251,0.991789,19,95,0.217762,0.128849
402,54.100000,1.341046,66|80|41|68|74|72|23|18|37|95,90.400000,80,100.000000,1,0.549000,0.973588,0.986617,0.571000,0.942644,0.993539,0.557000,0.965440,0.992617,16,77,0.202311,0.098728
403,53.210000,1.355990,78|38|75|68|69|95|36|83|43|66,86.400000,36,98.000000,1,0.497250,0.953746,0.987507,0.529500,0.896601,0.988548,0.501000,0.951098,0.992192,15,98,0.232070,0.133793
404,55.090000,1.273487,40|96|52|7|16|28|59|46|70|82,89.000000,52,100.000000,1,0.622500,0.958233,0.987583,0.619000,0.958805,0.982616,0.618750,0.965253,0.988825,27,86,0.230773,0.214826
405,45.540000,1.603881,29|15|47|30|93|75|14|19|85|33,88.600000,29,100.000000,1,0.648250,0.986116,0.984977,0.678000,0.954277,0.996918,0.658000,0.980623,0.994222,15,51,0.183533,0.138135
406,57.110000,1.241860,66|1|12|6|37|34|11|47|92|13,92.700000,1,98.000000,1,0.738000,0.991870,0.981562,0.763000,0.965269,0.987596,0.745250,0.988930,0.988267,35,33,0.150871,0.081515
407,57.390000,1.240543,25|54|42|58|92|84|80|78|49|3,90.600000,80,100.000000,1,0.560750,0.969683,0.989986,0.582250,0.938171,0.994538,0.564750,0.966357,0.993628,14,76,0.162594,0.109223
408,48.240000,1.554327,39|93|97|8|52|28|5|90|77|55,87.400000,52,97.000000,1,0.583000,0.960978,0.990278,0.605000,0.915289,0.978789,0.585750,0.957320,0.991162,20,100,0.193043,0.139730
409,55.530000,1.259993,21|50|66|76|56|78|11|45|40|18,86.000000,76,98.000000,1,0.642750,0.966161,0.982984,0.660750,0.949678,0.993273,0.652000,0.960890,0.991690,21,102,0.275237,0.155448
410,48.880000,1.502231,31|39|15|22|96|77|94|79|80|6,85.100000,80,100.000000,1,0.577250,0.974448,0.987275,0.601750,0.943914,0.996928,0.587250,0.967220,0.996928,7,77,0.240702,0.177936
411,52.770000,1.353929,2|7|36|30|44|84|39|29|1|48,88.800000,2,100.000000,1,0.718750,0.987478,0.952365,0.731500,0.973684,0.955720,0.722500,0.984775,0.954713,135,44,0.151065,0.079445
412,58.490000,1.206646,88|6|61|49|87|85|3|21|43|62,92.600000,88,100.000000,1,0.603000,0.981343,0.991206,0.626250,0.952894,0.999581,0.609750,0.977450,0.998325,4,55,0.152681,0.106753
413,53.270000,1.358451,74|77|27|26|84|22|19|41|73|38,89.600000,74,100.000000,1,0.619750,0.983461,0.988646,0.640000,0.959375,0.995945,0.625500,0.980416,0.994728,13,49,0.157643,0.097065
414,53.890000,1.371542,88|48|5|14|23|27|73|4|46|59,90.200000,88,100.000000,1,0.662000,0.990559,0.947958,0.669000,0.976084,0.943983,0.665250,0.987974,0.950126,138,32,0.096027,0.047353
415,57.010000,1.230763,46|5|23|83|60|20|99|6|19|17,87.300000,60,100.000000,1,0.730750,0.943893,0.987473,0.743750,0.936471,0.997137,0.734250,0.945523,0.993916,17,160,0.254243,0.173877
416,58.760000,1.182378,80|9|25|15|60|50|46|77|49|24,90.100000,80,100.000000,1,0.652500,0.982759,0.982382,0.671000,0.970194,0.997319,0.663000,0.980769,0.996170,10,51,0.149383,0.104029
417,51.590000,1.376354,47|27|38|29|78|32|81|3|72|75,87.000000,29,100.000000,1,0.627250,0.964129,0.982535,0.648000,0.948688,0.998781,0.634500,0.961781,0.991470,21,97,0.227586,0.188310
418,56.170000,1.251923,27|38|32|49|80|69|79|76|9|83,86.900000,80,100.000000,1,0.577750,0.974903,0.992074,0.604250,0.938767,0.999119,0.584000,0.968750,0.996477,8,73,0.191945,0.128991
419,57.960000,1.213688,95|68|55|45|10|13|78|61|36|56,88.400000,61,100.000000,1,0.596750,0.968161,0.984242,0.621500,0.937651,0.992760,0.603500,0.963960,0.991056,21,87,0.210771,0.134423
420,54.410000,1.371165,75|29|7|54|97|72|4|71|68|61,91.100000,29,100.000000,1,0.592000,0.956503,0.992116,0.610000,0.934016,0.998248,0.591750,0.958175,0.993430,15,99,0.167527,0.105542
421,58.620000,1.207801,39|56|70|61|77|66|37|43|73|48,88.000000,61,100.000000,1,0.520500,0.975504,0.931651,0.544500,0.942149,0.941284,0.526750,0.970100,0.937615,136,63,0.146954,0.070880
422,47.930000,1.517614,28|83|8|46|77|56|78|75|99|93,83.500000,46,97.000000,1,0.535750,0.897807,0.988187,0.550500,0.879655,0.994864,0.535750,0.900140,0.990755,18,214,0.327448,0.199821
423,53.220000,1.386395,54|2|96|70|53|33|14|51|67|22,89.300000,2,100.000000,1,0.608750,0.979466,0.944181,0.629000,0.947138,0.943389,0.612250,0.977134,0.947348,133,56,0.170505,0.081194
424,53.310000,1.400271,51|52|1|32|98|4|96|63|34|88,86.900000,52,100.000000,1,0.570250,0.963174,0.937287,0.595250,0.909282,0.923635,0.569750,0.962264,0.935580,151,86,0.200687,0.111263
425,58.350000,1.193654,0|35|20|58|92|66|38|5|47|80,93.700000,0,100.000000,1,0.647750,0.990351,0.990351,0.672750,0.956150,0.993053,0.653250,0.986223,0.994597,14,36,0.151264,0.072488
426,54.640000,1.319525,53|57|66|67|59|98|81|44|43|7,88.300000,7,98.000000,1,0.551250,0.969161,0.987067,0.584250,0.913136,0.985681,0.555750,0.967161,0.993072,15,73,0.187693,0.143321
427,53.540000,1.337180,34|65|72|92|90|49|30|38|73|10,86.600000,90,98.000000,1,0.565250,0.966829,0.978514,0.597250,0.933445,0.998209,0.578000,0.961505,0.995076,11,89,0.204562,0.131497
428,54.360000,1.336822,0|36|18|66|26|88|43|39|30|99,89.000000,0,100.000000,1,0.684500,0.934259,0.991473,0.685250,0.914995,0.972093,0.691000,0.930897,0.997287,7,191,0.251518,0.153670
429,58.210000,1.207108,53|98|28|39|27|1|87|23|90|80,90.400000,80,100.000000,1,0.590750,0.974185,0.991814,0.613500,0.940098,0.993968,0.595250,0.969341,0.994399,13,73,0.201741,0.118878
430,52.480000,1.374480,68|61|15|57|2|99|76|55|88|89,88.000000,61,100.000000,1,0.552250,0.918062,0.988304,0.580000,0.884483,1.000000,0.559500,0.911975,0.994639,11,197,0.278196,0.177599
431,58.150000,1.206520,21|88|18|74|42|51|60|40|26|3,88.300000,88,100.000000,1,0.637250,0.982346,0.944906,0.640250,0.977353,0.944528,0.640250,0.982819,0.949811,133,44,0.140692,0.073146
432,55.290000,1.303918,85|98|4|7|76|65|62|84|24|70,88.900000,4,99.000000,1,0.550750,0.973218,0.990758,0.601500,0.894431,0.994455,0.559750,0.962930,0.996303,8,83,0.226698,0.114108
433,50.610000,1.483267,18|79|97|66|5|7|74|64|27|32,89.500000,74,100.000000,1,0.639750,0.970301,0.991613,0.652250,0.954772,0.994808,0.644750,0.968205,0.997204,7,82,0.201302,0.116234
434,49.200000,1.497782,2|13|79|95|4|43|47|21|74|66,91.600000,2,100.000000,1,0.649750,0.983840,0.989551,0.673750,0.958442,0.999613,0.656000,0.981326,0.996517,9,49,0.182364,0.081242
435,54.260000,1.306582,34|42|38|86|64|94|59|18|48|30,87.900000,64,100.000000,1,0.563750,0.979601,0.934433,0.591250,0.945032,0.945431,0.571750,0.972890,0.941201,139,62,0.176423,0.081898
436,45.960000,1.618685,10|0|13|89|22|29|7|5|92|32,93.100000,0,100.000000,1,0.756750,0.993393,0.986872,0.766750,0.974242,0.980637,0.765000,0.990850,0.995077,15,28,0.157257,0.087545
437,62.370000,1.084133,94|73|5|34|56|37|21|65|51|35,83.400000,73,96.000000,1,0.601000,0.970050,0.934295,0.630000,0.940476,0.949519,0.609000,0.967570,0.944311,139,79,0.186260,0.108220
438,52.880000,1.380491,44|22|28|65|26|96|37|85|32|33,89.000000,26,98.000000,1,0.629250,0.980930,0.985235,0.677000,0.919867,0.994014,0.638250,0.975323,0.993615,16,63,0.260180,0.203852
439,55.360000,1.280892,40|58|11|55|38|65|74|31|28|86,86.700000,74,100.000000,1,0.620000,0.975403,0.988154,0.643750,0.950680,1.000000,0.627000,0.970893,0.994690,13,73,0.210663,0.124897
440,57.840000,1.244895,61|23|59|44|66|55|30|93|78|87,90.100000,61,100.000000,1,0.540000,0.961574,0.990463,0.574750,0.911701,0.999523,0.549500,0.952229,0.998093,4,105,0.219908,0.122394
441,59.430000,1.169402,20|91|76|52|95|64|7|70|57|85,89.600000,64,100.000000,1,0.520750,0.965915,0.992110,0.546750,0.926840,0.999507,0.525750,0.961008,0.996548,7,82,0.207161,0.115754
442,55.800000,1.277918,8|96|60|73|77|43|53|55|10|56,89.900000,60,100.000000,1,0.587750,0.965972,0.985677,0.618500,0.930477,0.999132,0.592750,0.968790,0.996962,7,74,0.193953,0.112339
443,56.020000,1.242213,0|38|45|71|79|51|89|55|11|65,82.800000,0,100.000000,1,0.576500,0.968343,0.934310,0.596500,0.932104,0.930544,0.584000,0.960188,0.938494,147,93,0.222475,0.138320
444,55.730000,1.262411,57|32|53|69|71|96|74|75|86|21,88.300000,74,100.000000,1,0.500250,0.972514,0.985316,0.532250,0.924378,0.996456,0.512250,0.959980,0.995949,8,82,0.239375,0.133384
445,57.230000,1.251208,24|78|35|99|9|60|81|87|63|26,83.700000,9,100.000000,1,0.605250,0.903346,0.991387,0.616000,0.893669,0.998187,0.611000,0.899755,0.996827,7,245,0.320164,0.223936
446,47.920000,1.573362,21|70|17|88|71|77|45|23|55|32,90.200000,88,100.000000,1,0.604500,0.980976,0.985869,0.630750,0.952438,0.998753,0.610750,0.977077,0.992103,19,56,0.217879,0.113845
447,55.570000,1.298712,76|93|97|7|51|13|25|15|24|10,84.500000,25,98.000000,1,0.649250,0.964575,0.931920,0.690000,0.924638,0.949405,0.663000,0.959276,0.946429,144,108,0.266299,0.128019
448,53.870000,1.328433,35|70|63|2|36|86|83|57|3|12,94.100000,2,100.000000,1,0.648250,0.983803,0.991450,0.677750,0.947990,0.998834,0.655250,0.977490,0.995725,11,59,0.150491,0.081742
449,52.710000,1.380743,61|24|16|18|56|1|73|19|33|48,83.900000,61,100.000000,1,0.656250,0.985905,0.896122,0.667250,0.974148,0.900277,0.661500,0.983371,0.900970,286,44,0.121742,0.055540
450,41.110000,1.766562,47|18|26|84|53|54|30|39|16|14,91.600000,54,99.000000,1,0.700250,0.985719,0.991027,0.722000,0.961565,0.996770,0.707500,0.981272,0.996770,9,53,0.179035,0.101552
451,55.770000,1.252775,49|43|98|68|83|99|4|74|66|60,86.300000,4,100.000000,1,0.529750,0.912223,0.993830,0.566500,0.848632,0.988689,0.535000,0.902336,0.992802,14,209,0.314449,0.192241
452,58.210000,1.183898,67|0|56|95|98|5|16|70|64|4,91.200000,0,100.000000,1,0.628000,0.977309,0.988723,0.642250,0.948229,0.981071,0.634000,0.971215,0.991945,20,73,0.171823,0.108583
453,56.350000,1.250640,7|46|43|25|4|53|99|2|27|11,88.500000,4,100.000000,1,0.780750,0.946206,0.988294,0.787500,0.942540,0.992977,0.785000,0.946178,0.993645,19,169,0.223156,0.150643
454,53.910000,1.337663,34|68|94|79|77|90|7|50|53|61,90.000000,61,100.000000,1,0.520750,0.969275,0.988253,0.548750,0.928929,0.998042,0.526250,0.963895,0.993147,14,76,0.203858,0.105362
455,55.560000,1.253384,52|21|50|78|96|99|20|89|79|1,78.400000,52,98.000000,1,0.579250,0.905913,0.984522,0.609000,0.856322,0.978424,0.585500,0.898804,0.987336,27,237,0.333899,0.267156
456,57.140000,1.235484,10|1|84|85|57|36|44|62|56|45,91.900000,1,98.000000,1,0.623000,0.977127,0.987029,0.653000,0.931087,0.985813,0.626500,0.973663,0.989056,27,66,0.184014,0.132690
457,57.030000,1.287580,31|3|51|42|62|63|16|58|32|13,87.600000,3,98.000000,1,0.678500,0.981945,0.946042,0.691750,0.963137,0.946042,0.681750,0.981298,0.949947,141,51,0.137355,0.063973
458,53.450000,1.312688,28|69|62|65|91|86|12|68|99|59,83.600000,62,98.000000,1,0.541250,0.896074,0.989796,0.576000,0.843750,0.991837,0.547000,0.889854,0.993367,13,241,0.307985,0.200053
459,48.410000,1.527915,92|68|97|98|32|72|33|78|94|19,76.100000,92,95.000000,1,0.456000,0.912281,0.914286,0.480750,0.868955,0.918132,0.461000,0.905098,0.917033,151,175,0.320413,0.187667
460,52.340000,1.385365,43|23|52|86|88|19|41|45|7|18,92.900000,88,100.000000,1,0.663500,0.989827,0.989827,0.684750,0.968237,0.999246,0.668750,0.987290,0.995102,13,34,0.124858,0.079174
461,46.470000,1.506836,57|21|50|0|96|40|92|95|64|38,84.500000,0,100.000000,1,0.573000,0.962914,0.988356,0.601000,0.913894,0.983878,0.580250,0.956484,0.994178,13,101,0.253170,0.154304
462,49.300000,1.505146,73|54|40|9|34|7|52|90|36|83,92.400000,54,100.000000,1,0.625250,0.981607,0.991919,0.646750,0.950908,0.993939,0.627500,0.980876,0.994747,13,48,0.156146,0.077127
463,56.770000,1.234252,16|99|50|7|62|93|70|67|63|45,82.800000,62,98.000000,1,0.592500,0.905907,0.988035,0.616500,0.871857,0.989416,0.598250,0.900543,0.991717,18,238,0.315177,0.219148
464,54.560000,1.301789,29|83|31|88|55|75|60|51|46|78,87.600000,29,100.000000,1,0.506500,0.969891,0.937500,0.522500,0.942584,0.939885,0.508500,0.967060,0.938454,129,67,0.153304,0.086648
465,53.740000,1.334129,77|79|35|80|97|89|38|12|36|50,84.900000,80,100.000000,1,0.550250,0.949568,0.992403,0.566000,0.925353,0.994777,0.555250,0.943269,0.994777,11,126,0.232084,0.194654
466,52.560000,1.346232,43|95|28|64|18|40|38|83|78|87,83.400000,64,100.000000,1,0.561750,0.955941,0.990775,0.588500,0.920986,1.000000,0.569000,0.949033,0.996310,8,116,0.227684,0.151586
467,57.800000,1.193251,49|81|66|50|37|24|43|82|33|32,83.900000,43,94.000000,1,0.575000,0.972609,0.926678,0.604750,0.934270,0.936205,0.583000,0.967410,0.934548,158,76,0.221722,0.123940
468,55.660000,1.261766,49|8|84|56|65|41|80|74|79|55,88.200000,80,100.000000,1,0.537000,0.970205,0.986275,0.558500,0.944494,0.998580,0.542250,0.966805,0.992428,16,72,0.255324,0.121625
469,53.370000,1.376348,63|78|70|21|85|51|52|38|71|24,85.400000,52,99.000000,1,0.539750,0.968041,0.935542,0.572000,0.916521,0.938675,0.547000,0.959781,0.940018,134,88,0.193160,0.089041
470,54.970000,1.313491,46|81|69|68|3|84|94|25|52|51,85.200000,52,99.000000,1,0.522000,0.965996,0.929065,0.558500,0.908684,0.935053,0.527500,0.962085,0.935053,141,80,0.182520,0.085463
471,59.170000,1.211690,88|82|21|68|42|73|98|71|45|8,90.400000,88,100.000000,1,0.528500,0.980132,0.988078,0.567750,0.920740,0.997139,0.537250,0.970684,0.994754,11,63,0.177341,0.110099
472,58.630000,1.200754,94|93|52|73|45|33|90|65|58|50,86.400000,52,100.000000,1,0.458750,0.956948,0.917450,0.499250,0.882323,0.920585,0.463500,0.950917,0.921108,151,91,0.199881,0.121759
473,51.780000,1.404864,29|26|20|71|25|97|40|74|16|38,88.000000,29,100.000000,1,0.671000,0.967958,0.996166,0.683000,0.953514,0.998850,0.673750,0.966605,0.998850,3,90,0.213143,0.132978
474,51.490000,1.411351,97|18|40|33|62|22|63|93|49|26,83.000000,22,98.000000,1,0.584750,0.952544,0.930271,0.615750,0.901340,0.926931,0.588750,0.949045,0.933194,160,120,0.260054,0.229010
475,55.550000,1.302895,61|71|74|75|22|13|41|9|56|84,94.200000,61,100.000000,1,0.598500,0.989557,0.993291,0.615750,0.960211,0.991614,0.602250,0.985886,0.995807,10,34,0.107009,0.048333
476,56.390000,1.251885,87|11|23|91|77|60|76|33|75|19,85.200000,60,100.000000,1,0.538750,0.968445,0.932946,0.555500,0.940144,0.933840,0.540000,0.966204,0.932946,150,73,0.159569,0.105626
477,55.430000,1.308627,93|50|6|17|5|64|39|79|16|77,86.600000,64,100.000000,1,0.649250,0.975356,0.982926,0.653750,0.956788,0.970896,0.652000,0.973160,0.984866,39,70,0.175105,0.144068
478,55.500000,1.237415,45|60|41|89|95|63|13|50|42|92,83.400000,60,100.000000,1,0.534750,0.960729,0.971631,0.550250,0.919582,0.956974,0.535000,0.954206,0.965485,73,98,0.195005,0.112945
479,56.120000,1.244520,36|90|26|64|16|17|84|51|94|60,88.600000,64,100.000000,1,0.544500,0.981175,0.936459,0.570000,0.945175,0.944347,0.550500,0.975931,0.941718,133,53,0.142756,0.064813
480,58.440000,1.225039,40|55|70|93|9|53|79|1|10|44,89.300000,9,100.000000,1,0.643750,0.979806,0.989024,0.665750,0.950807,0.992552,0.651000,0.974654,0.994904,13,66,0.204573,0.115546
481,55.730000,1.324701,93|6|57|4|52|12|55|31|49|39,88.100000,52,99.000000,1,0.681500,0.982759,0.980959,0.714500,0.946816,0.990846,0.688000,0.978924,0.986452,37,58,0.133060,0.102364
482,59.320000,1.162581,0|1|64|82|45|72|73|75|23|4,93.000000,0,100.000000,1,0.655500,0.981312,0.989996,0.672250,0.954258,0.987303,0.659500,0.980288,0.994998,13,52,0.133292,0.071055
483,51.910000,1.410099,51|83|29|85|87|31|76|84|6|34,87.000000,29,100.000000,1,0.528750,0.966430,0.932057,0.564000,0.915337,0.941632,0.533750,0.962529,0.937073,138,80,0.158574,0.092291
484,54.140000,1.296910,31|55|34|20|48|42|21|92|4|16,84.700000,4,99.000000,1,0.683750,0.982815,0.945813,0.703000,0.952347,0.942294,0.686000,0.980321,0.946517,152,54,0.144750,0.085241
485,53.740000,1.300394,81|21|86|65|75|20|39|89|52|78,85.500000,52,100.000000,1,0.530750,0.959491,0.986919,0.553250,0.913240,0.979167,0.532500,0.957746,0.988372,24,90,0.191855,0.130179
486,55.810000,1.283588,45|64|84|83|72|55|74|52|24|17,88.300000,64,100.000000,1,0.557250,0.965904,0.987162,0.583500,0.934447,1.000000,0.565500,0.960654,0.996332,8,89,0.209239,0.119180
487,56.670000,1.233791,57|63|28|64|40|89|16|50|23|68,84.800000,64,100.000000,1,0.611000,0.965630,0.978847,0.609000,0.943350,0.953131,0.609250,0.964300,0.974699,61,87,0.213662,0.137001
488,53.310000,1.367239,43|72|55|15|79|31|21|14|87|10,83.400000,14,97.000000,1,0.656250,0.966857,0.962457,0.692500,0.940794,0.988244,0.666000,0.964339,0.974213,68,95,0.229945,0.155013
489,57.030000,1.243261,21|80|87|79|51|36|43|33|83|10,83.500000,80,100.000000,1,0.544500,0.970156,0.906867,0.581500,0.943680,0.942060,0.558250,0.964622,0.924464,176,79,0.192545,0.098838
490,50.310000,1.477911,67|55|3|35|29|86|8|44|90|79,92.000000,29,100.000000,1,0.611000,0.980769,0.991725,0.636750,0.948960,1.000000,0.614250,0.979650,0.995863,10,50,0.131574,0.072548
491,56.470000,1.232264,56|43|82|51|79|55|61|53|45|57,85.100000,61,100.000000,1,0.517750,0.965234,0.933676,0.544500,0.924242,0.940215,0.521250,0.963070,0.937879,133,77,0.197328,0.092318
492,55.750000,1.320251,9|35|87|3|19|40|32|77|81|18,88.800000,9,100.000000,1,0.692000,0.975795,0.992650,0.712000,0.954003,0.998530,0.697500,0.971685,0.996325,10,79,0.204616,0.115846
493,51.660000,1.425786,72|12|17|75|66|93|13|31|1|86,91.400000,1,99.000000,1,0.635500,0.976790,0.988455,0.661500,0.931217,0.980892,0.634750,0.974793,0.985271,37,64,0.162029,0.105193
494,59.900000,1.156702,28|82|37|79|91|71|17|46|64|84,86.500000,64,100.000000,1,0.525750,0.975749,0.982759,0.563250,0.926320,0.999521,0.532250,0.971348,0.990421,20,61,0.204730,0.130178
495,56.310000,1.275041,60|68|4|81|90|84|39|27|38|58,91.300000,60,100.000000,1,0.568250,0.978443,0.989324,0.599750,0.936223,0.999110,0.572500,0.975546,0.993772,14,56,0.149463,0.089733
496,55.200000,1.296974,95|94|63|62|34|27|10|22|99|72,83.300000,22,97.000000,1,0.586750,0.902855,0.983295,0.627750,0.851852,0.992575,0.592750,0.900886,0.991183,19,235,0.335497,0.251487
497,52.430000,1.387285,31|25|39|26|42|59|95|54|67|28,89.900000,42,98.000000,1,0.642000,0.973910,0.995225,0.657250,0.944466,0.988062,0.641750,0.974289,0.995225,12,66,0.147115,0.102297
498,55.570000,1.335283,71|40|93|21|15|70|88|38|5|62,89.600000,88,100.000000,1,0.603250,0.980108,0.988299,0.623750,0.946693,0.987046,0.608250,0.977394,0.993732,15,55,0.187511,0.100548
499,53.940000,1.347566,76|66|34|53|24|31|84|28|37|14,88.300000,14,98.000000,1,0.648750,0.980347,0.987961,0.676750,0.942372,0.990680,0.656500,0.976009,0.995340,12,63,0.163567,0.096092
